0.000,0.496,-1.917
0.004,0.492,-2.044
0.008,0.527,-1.965
0.012,0.526,-2.087
0.016,0.499,-2.001
0.020,0.496,-2.086
0.024,0.491,-2.076
0.028,0.476,-2.087
0.032,0.468,-2.045
0.036,0.542,-1.982
0.040,0.454,-2.029
0.044,0.529,-1.969
0.048,0.485,-1.999
0.052,0.527,-2.056
0.056,0.546,-2.002
0.060,0.497,-1.915
0.064,0.507,-1.935
0.068,0.518,-1.897
0.072,0.541,-2.067
0.076,0.536,-1.930
0.080,0.544,-1.891
0.084,0.553,-2.037
0.088,0.464,-1.939
0.092,0.550,-1.978
0.096,0.481,-2.009
0.100,0.462,-2.069
0.104,0.507,-2.029
0.108,0.553,-2.075
0.112,0.552,-2.014
0.116,0.462,-1.950
0.120,0.537,-1.885
0.124,0.464,-1.998
0.128,0.533,-2.047
0.132,0.520,-2.014
0.136,0.546,-2.008
0.140,0.525,-1.915
0.144,0.512,-2.066
0.148,0.523,-2.013
0.152,0.500,-1.978
0.156,0.557,-1.991
0.160,0.479,-1.995
0.164,0.511,-2.009
0.168,0.561,-2.037
0.172,0.548,-1.887
0.176,0.487,-1.899
0.180,0.526,-2.007
0.184,0.471,-1.970
0.188,0.468,-1.914
0.192,0.546,-1.917
0.196,0.531,-1.959
0.200,0.518,-1.959
0.204,0.468,-2.048
0.208,0.530,-2.008
0.212,0.522,-1.870
0.216,0.496,-1.959
0.220,0.492,-2.054
0.224,0.519,-1.897
0.228,0.543,-1.880
0.232,0.550,-2.014
0.236,0.493,-1.978
0.240,0.491,-2.010
0.244,0.539,-1.986
0.248,0.553,-1.892
0.252,0.546,-2.027
0.256,0.548,-1.918
0.260,0.501,-1.894
0.264,0.499,-1.904
0.268,0.563,-1.972
0.272,0.561,-1.936
0.276,0.543,-1.998
0.280,0.530,-2.023
0.284,0.545,-1.935
0.288,0.552,-2.017
0.292,0.524,-2.053
0.296,0.560,-2.014
0.300,0.557,-1.891
0.304,0.497,-2.041
0.308,0.570,-1.993
0.312,0.509,-2.005
0.316,0.517,-1.918
0.320,0.527,-1.867
0.324,0.574,-2.047
0.328,0.509,-2.044
0.332,0.493,-1.983
0.336,0.573,-1.882
0.340,0.553,-1.875
0.344,0.557,-2.014
0.348,0.489,-1.877
0.352,0.548,-1.965
0.356,0.489,-2.047
0.360,0.547,-1.880
0.364,0.522,-1.907
0.368,0.568,-1.987
0.372,0.519,-2.027
0.376,0.532,-1.976
0.380,0.569,-1.946
0.384,0.487,-1.926
0.388,0.527,-1.892
0.392,0.536,-2.016
0.396,0.511,-2.002
0.400,0.564,-1.907
0.404,0.529,-1.880
0.408,0.497,-1.851
0.412,0.557,-1.917
0.416,0.487,-2.013
0.420,0.491,-2.029
0.424,0.514,-1.952
0.428,0.534,-1.910
0.432,0.548,-1.931
0.436,0.502,-2.022
0.440,0.504,-1.943
0.444,0.516,-1.841
0.448,0.520,-1.850
0.452,0.533,-1.970
0.456,0.529,-1.885
0.460,0.547,-1.992
0.464,0.549,-1.916
0.468,0.546,-2.012
0.472,0.541,-1.995
0.476,0.513,-1.843
0.480,0.584,-1.881
0.484,0.554,-1.901
0.488,0.546,-1.930
0.492,0.523,-1.961
0.496,0.512,-1.850
0.500,0.542,-1.896
0.504,0.529,-2.027
0.508,0.590,-1.853
0.512,0.505,-1.850
0.516,0.590,-2.002
0.520,0.573,-1.898
0.524,0.580,-1.854
0.528,0.591,-1.950
0.532,0.511,-2.001
0.536,0.591,-2.015
0.540,0.496,-1.966
0.544,0.556,-1.943
0.548,0.574,-1.929
0.552,0.572,-1.881
0.556,0.509,-1.959
0.560,0.532,-1.899
0.564,0.565,-1.895
0.568,0.527,-1.933
0.572,0.512,-1.927
0.576,0.595,-2.005
0.580,0.591,-1.905
0.584,0.508,-2.005
0.588,0.582,-1.832
0.592,0.508,-1.936
0.596,0.514,-1.946
0.600,0.502,-1.973
0.604,0.500,-1.861
0.608,0.574,-1.862
0.612,0.597,-1.929
0.616,0.550,-1.915
0.620,0.537,-1.905
0.624,0.535,-1.859
0.628,0.539,-1.833
0.632,0.585,-1.968
0.636,0.542,-1.843
0.640,0.582,-1.824
0.644,0.546,-1.840
0.648,0.573,-1.821
0.652,0.585,-1.953
0.656,0.521,-1.809
0.660,0.589,-1.971
0.664,0.578,-1.907
0.668,0.563,-1.998
0.672,0.507,-1.872
0.676,0.521,-1.889
0.680,0.535,-1.962
0.684,0.523,-1.856
0.688,0.515,-1.912
0.692,0.594,-1.824
0.696,0.537,-1.978
0.700,0.550,-1.892
0.704,0.559,-1.893
0.708,0.591,-1.879
0.712,0.584,-1.953
0.716,0.571,-1.850
0.720,0.529,-1.930
0.724,0.526,-1.994
0.728,0.584,-1.806
0.732,0.517,-1.891
0.736,0.518,-1.946
0.740,0.561,-1.996
0.744,0.588,-1.940
0.748,0.583,-1.909
0.752,0.598,-1.929
0.756,0.578,-1.888
0.760,0.600,-1.967
0.764,0.560,-1.877
0.768,0.597,-1.924
0.772,0.604,-1.968
0.776,0.604,-1.893
0.780,0.610,-1.821
0.784,0.558,-1.938
0.788,0.568,-1.816
0.792,0.587,-1.895
0.796,0.599,-1.964
0.800,0.581,-1.821
0.804,0.542,-1.866
0.808,0.591,-1.890
0.812,0.564,-1.977
0.816,0.568,-1.920
0.820,0.591,-1.967
0.824,0.605,-1.794
0.828,0.538,-1.871
0.832,0.524,-1.876
0.836,0.517,-1.914
0.840,0.612,-1.783
0.844,0.517,-1.806
0.848,0.553,-1.883
0.852,0.522,-1.838
0.856,0.529,-1.877
0.860,0.546,-1.919
0.864,0.567,-1.965
0.868,0.571,-1.781
0.872,0.526,-1.885
0.876,0.547,-1.957
0.880,0.547,-1.913
0.884,0.558,-1.934
0.888,0.616,-1.809
0.892,0.528,-1.892
0.896,0.524,-1.885
0.900,0.545,-1.822
0.904,0.560,-1.841
0.908,0.615,-1.964
0.912,0.573,-1.855
0.916,0.554,-1.854
0.920,0.558,-1.772
0.924,0.571,-1.951
0.928,0.571,-1.854
0.932,0.614,-1.910
0.936,0.562,-1.930
0.940,0.609,-1.785
0.944,0.621,-1.801
0.948,0.559,-1.784
0.952,0.595,-1.906
0.956,0.546,-1.853
0.960,0.546,-1.831
0.964,0.580,-1.850
0.968,0.623,-1.961
0.972,0.564,-1.775
0.976,0.537,-1.829
0.980,0.542,-1.947
0.984,0.564,-1.863
0.988,0.618,-1.839
0.992,0.542,-1.770
0.996,0.560,-1.787
1.000,0.599,-1.959
1.004,0.542,-1.918
1.008,0.614,-1.877
1.012,0.555,-1.931
1.016,0.564,-1.918
1.020,0.582,-1.910
1.024,0.602,-1.781
1.028,0.533,-1.865
1.032,0.606,-1.910
1.036,0.630,-1.800
1.040,0.613,-1.889
1.044,0.554,-1.782
1.048,0.627,-1.808
1.052,0.546,-1.804
1.056,0.623,-1.839
1.060,0.594,-1.794
1.064,0.577,-1.922
1.068,0.632,-1.907
1.072,0.562,-1.832
1.076,0.537,-1.931
1.080,0.627,-1.853
1.084,0.603,-1.881
1.088,0.555,-1.884
1.092,0.610,-1.885
1.096,0.582,-1.768
1.100,0.625,-1.854
1.104,0.538,-1.761
1.108,0.621,-1.873
1.112,0.539,-1.766
1.116,0.554,-1.762
1.120,0.620,-1.757
1.124,0.634,-1.918
1.128,0.580,-1.890
1.132,0.611,-1.901
1.136,0.593,-1.915
1.140,0.620,-1.905
1.144,0.543,-1.931
1.148,0.553,-1.852
1.152,0.570,-1.912
1.156,0.630,-1.807
1.160,0.607,-1.781
1.164,0.547,-1.860
1.168,0.571,-1.842
1.172,0.617,-1.905
1.176,0.573,-1.890
1.180,0.629,-1.880
1.184,0.566,-1.855
1.188,0.552,-1.762
1.192,0.638,-1.801
1.196,0.589,-1.881
1.200,0.612,-1.877
1.204,0.596,-1.901
1.208,0.545,-1.802
1.212,0.640,-1.860
1.216,0.552,-1.801
1.220,0.614,-1.900
1.224,0.558,-1.870
1.228,0.569,-1.853
1.232,0.578,-1.777
1.236,0.574,-1.858
1.240,0.636,-1.814
1.244,0.622,-1.848
1.248,0.636,-1.742
1.252,0.552,-1.829
1.256,0.644,-1.747
1.260,0.549,-1.779
1.264,0.571,-1.757
1.268,0.562,-1.888
1.272,0.576,-1.746
1.276,0.617,-1.733
1.280,0.595,-1.920
1.284,0.555,-1.772
1.288,0.601,-1.913
1.292,0.594,-1.740
1.296,0.578,-1.900
1.300,0.578,-1.792
1.304,0.649,-1.757
1.308,0.610,-1.797
1.312,0.601,-1.873
1.316,0.606,-1.874
1.320,0.643,-1.887
1.324,0.559,-1.724
1.328,0.592,-1.776
1.332,0.621,-1.788
1.336,0.581,-1.840
1.340,0.557,-1.831
1.344,0.555,-1.869
1.348,0.620,-1.760
1.352,0.599,-1.759
1.356,0.582,-1.853
1.360,0.619,-1.772
1.364,0.609,-1.867
1.368,0.634,-1.759
1.372,0.563,-1.783
1.376,0.616,-1.888
1.380,0.654,-1.884
1.384,0.597,-1.899
1.388,0.653,-1.741
1.392,0.588,-1.712
1.396,0.591,-1.856
1.400,0.614,-1.882
1.404,0.607,-1.788
1.408,0.588,-1.899
1.412,0.569,-1.712
1.416,0.613,-1.855
1.420,0.562,-1.876
1.424,0.564,-1.737
1.428,0.585,-1.825
1.432,0.615,-1.781
1.436,0.600,-1.747
1.440,0.608,-1.797
1.444,0.602,-1.716
1.448,0.615,-1.703
1.452,0.572,-1.884
1.456,0.657,-1.776
1.460,0.589,-1.820
1.464,0.581,-1.853
1.468,0.576,-1.835
1.472,0.615,-1.704
1.476,0.623,-1.871
1.480,0.590,-1.870
1.484,0.574,-1.764
1.488,0.660,-1.845
1.492,0.564,-1.866
1.496,0.639,-1.791
1.500,0.663,-1.789
1.504,0.652,-1.708
1.508,0.642,-1.733
1.512,0.597,-1.823
1.516,0.652,-1.766
1.520,0.571,-1.778
1.524,0.573,-1.794
1.528,0.630,-1.735
1.532,0.626,-1.726
1.536,0.649,-1.726
1.540,0.612,-1.735
1.544,0.646,-1.817
1.548,0.610,-1.840
1.552,0.604,-1.768
1.556,0.597,-1.695
1.560,0.577,-1.819
1.564,0.599,-1.720
1.568,0.584,-1.693
1.572,0.585,-1.755
1.576,0.637,-1.745
1.580,0.579,-1.860
1.584,0.637,-1.872
1.588,0.573,-1.843
1.592,0.640,-1.705
1.596,0.627,-1.879
1.600,0.605,-1.865
1.604,0.601,-1.877
1.608,0.659,-1.808
1.612,0.632,-1.852
1.616,0.670,-1.773
1.620,0.577,-1.847
1.624,0.606,-1.806
1.628,0.577,-1.855
1.632,0.660,-1.834
1.636,0.605,-1.744
1.640,0.580,-1.700
1.644,0.579,-1.771
1.648,0.652,-1.847
1.652,0.587,-1.781
1.656,0.670,-1.684
1.660,0.639,-1.719
1.664,0.666,-1.756
1.668,0.589,-1.755
1.672,0.663,-1.787
1.676,0.639,-1.692
1.680,0.592,-1.784
1.684,0.648,-1.845
1.688,0.661,-1.865
1.692,0.642,-1.820
1.696,0.583,-1.785
1.700,0.660,-1.715
1.704,0.594,-1.723
1.708,0.656,-1.732
1.712,0.657,-1.776
1.716,0.606,-1.730
1.720,0.669,-1.700
1.724,0.640,-1.820
1.728,0.670,-1.704
1.732,0.597,-1.827
1.736,0.664,-1.723
1.740,0.596,-1.853
1.744,0.599,-1.803
1.748,0.593,-1.663
1.752,0.641,-1.845
1.756,0.611,-1.669
1.760,0.623,-1.769
1.764,0.647,-1.675
1.768,0.623,-1.825
1.772,0.603,-1.757
1.776,0.587,-1.691
1.780,0.646,-1.789
1.784,0.661,-1.765
1.788,0.585,-1.831
1.792,0.593,-1.736
1.796,0.592,-1.662
1.800,0.657,-1.836
1.804,0.599,-1.718
1.808,0.616,-1.743
1.812,0.650,-1.815
1.816,0.594,-1.674
1.820,0.647,-1.731
1.824,0.617,-1.656
1.828,0.614,-1.682
1.832,0.614,-1.774
1.836,0.623,-1.777
1.840,0.611,-1.669
1.844,0.649,-1.708
1.848,0.659,-1.799
1.852,0.667,-1.695
1.856,0.624,-1.842
1.860,0.669,-1.715
1.864,0.620,-1.740
1.868,0.612,-1.761
1.872,0.635,-1.675
1.876,0.657,-1.771
1.880,0.636,-1.658
1.884,0.686,-1.781
1.888,0.673,-1.679
1.892,0.612,-1.788
1.896,0.605,-1.765
1.900,0.640,-1.721
1.904,0.675,-1.747
1.908,0.631,-1.727
1.912,0.632,-1.813
1.916,0.672,-1.700
1.920,0.687,-1.775
1.924,0.597,-1.795
1.928,0.642,-1.700
1.932,0.685,-1.718
1.936,0.675,-1.767
1.940,0.623,-1.747
1.944,0.615,-1.824
1.948,0.610,-1.766
1.952,0.643,-1.723
1.956,0.602,-1.709
1.960,0.685,-1.828
1.964,0.672,-1.736
1.968,0.600,-1.654
1.972,0.627,-1.632
1.976,0.618,-1.717
1.980,0.619,-1.707
1.984,0.656,-1.819
1.988,0.639,-1.752
1.992,0.610,-1.776
1.996,0.669,-1.779
2.000,0.632,-1.780
2.004,0.613,-1.644
2.008,0.659,-1.772
2.012,0.623,-1.736
2.016,0.609,-1.776
2.020,0.600,-1.676
2.024,0.637,-1.787
2.028,0.601,-1.737
2.032,0.678,-1.659
2.036,0.641,-1.693
2.040,0.621,-1.650
2.044,0.605,-1.674
2.048,0.675,-1.714
2.052,0.623,-1.674
2.056,0.628,-1.813
2.060,0.643,-1.660
2.064,0.672,-1.723
2.068,0.673,-1.785
2.072,0.642,-1.771
2.076,0.600,-1.650
2.080,0.681,-1.739
2.084,0.633,-1.660
2.088,0.652,-1.671
2.092,0.697,-1.759
2.096,0.615,-1.654
2.100,0.694,-1.678
2.104,0.638,-1.802
2.108,0.658,-1.682
2.112,0.613,-1.630
2.116,0.689,-1.691
2.120,0.649,-1.657
2.124,0.689,-1.804
2.128,0.679,-1.652
2.132,0.618,-1.686
2.136,0.649,-1.673
2.140,0.664,-1.649
2.144,0.635,-1.769
2.148,0.637,-1.737
2.152,0.612,-1.664
2.156,0.659,-1.731
2.160,0.696,-1.768
2.164,0.658,-1.791
2.168,0.629,-1.633
2.172,0.653,-1.705
2.176,0.627,-1.661
2.180,0.610,-1.759
2.184,0.630,-1.801
2.188,0.688,-1.676
2.192,0.679,-1.695
2.196,0.665,-1.723
2.200,0.645,-1.712
2.204,0.674,-1.667
2.208,0.676,-1.733
2.212,0.683,-1.628
2.216,0.651,-1.658
2.220,0.629,-1.755
2.224,0.608,-1.710
2.228,0.681,-1.774
2.232,0.625,-1.791
2.236,0.678,-1.785
2.240,0.654,-1.605
2.244,0.665,-1.652
2.248,0.613,-1.720
2.252,0.613,-1.616
2.256,0.687,-1.774
2.260,0.618,-1.698
2.264,0.645,-1.786
2.268,0.610,-1.632
2.272,0.674,-1.767
2.276,0.662,-1.785
2.280,0.610,-1.626
2.284,0.615,-1.654
2.288,0.654,-1.731
2.292,0.613,-1.677
2.296,0.676,-1.645
2.300,0.641,-1.772
2.304,0.641,-1.750
2.308,0.640,-1.765
2.312,0.618,-1.683
2.316,0.675,-1.771
2.320,0.679,-1.601
2.324,0.629,-1.628
2.328,0.618,-1.775
2.332,0.643,-1.669
2.336,0.645,-1.678
2.340,0.700,-1.749
2.344,0.692,-1.613
2.348,0.638,-1.708
2.352,0.657,-1.758
2.356,0.676,-1.775
2.360,0.676,-1.779
2.364,0.628,-1.709
2.368,0.696,-1.733
2.372,0.660,-1.629
2.376,0.642,-1.767
2.380,0.632,-1.648
2.384,0.658,-1.591
2.388,0.643,-1.720
2.392,0.683,-1.607
2.396,0.696,-1.599
2.400,0.631,-1.755
2.404,0.622,-1.773
2.408,0.623,-1.707
2.412,0.651,-1.609
2.416,0.709,-1.774
2.420,0.681,-1.604
2.424,0.649,-1.596
2.428,0.639,-1.700
2.432,0.698,-1.729
2.436,0.713,-1.602
2.440,0.669,-1.702
2.444,0.641,-1.680
2.448,0.623,-1.724
2.452,0.627,-1.708
2.456,0.619,-1.590
2.460,0.712,-1.575
2.464,0.711,-1.674
2.468,0.647,-1.749
2.472,0.652,-1.613
2.476,0.625,-1.768
2.480,0.683,-1.666
2.484,0.680,-1.731
2.488,0.624,-1.658
2.492,0.658,-1.753
2.496,0.662,-1.716
2.500,0.679,-1.705
2.504,0.660,-1.734
2.508,0.683,-1.615
2.512,0.695,-1.744
2.516,0.661,-1.575
2.520,0.621,-1.624
2.524,0.701,-1.636
2.528,0.643,-1.580
2.532,0.679,-1.625
2.536,0.643,-1.666
2.540,0.707,-1.729
2.544,0.712,-1.719
2.548,0.680,-1.687
2.552,0.622,-1.571
2.556,0.693,-1.682
2.560,0.706,-1.713
2.564,0.627,-1.700
2.568,0.701,-1.655
2.572,0.703,-1.613
2.576,0.657,-1.645
2.580,0.721,-1.747
2.584,0.639,-1.556
2.588,0.719,-1.716
2.592,0.633,-1.730
2.596,0.676,-1.565
2.600,0.690,-1.578
2.604,0.700,-1.565
2.608,0.706,-1.632
2.612,0.640,-1.600
2.616,0.649,-1.594
2.620,0.646,-1.664
2.624,0.645,-1.679
2.628,0.648,-1.685
2.632,0.697,-1.689
2.636,0.682,-1.709
2.640,0.646,-1.726
2.644,0.666,-1.710
2.648,0.673,-1.735
2.652,0.685,-1.740
2.656,0.703,-1.613
2.660,0.635,-1.675
2.664,0.665,-1.745
2.668,0.689,-1.631
2.672,0.630,-1.705
2.676,0.726,-1.584
2.680,0.630,-1.687
2.684,0.672,-1.702
2.688,0.674,-1.697
2.692,0.682,-1.663
2.696,0.699,-1.553
2.700,0.702,-1.622
2.704,0.701,-1.731
2.708,0.712,-1.599
2.712,0.684,-1.664
2.716,0.635,-1.648
2.720,0.714,-1.694
2.724,0.711,-1.586
2.728,0.635,-1.622
2.732,0.637,-1.638
2.736,0.717,-1.690
2.740,0.710,-1.719
2.744,0.672,-1.567
2.748,0.686,-1.680
2.752,0.689,-1.625
2.756,0.686,-1.682
2.760,0.665,-1.549
2.764,0.718,-1.588
2.768,0.729,-1.546
2.772,0.637,-1.650
2.776,0.709,-1.570
2.780,0.707,-1.644
2.784,0.701,-1.642
2.788,0.691,-1.580
2.792,0.704,-1.730
2.796,0.655,-1.679
2.800,0.647,-1.537
2.804,0.651,-1.695
2.808,0.673,-1.720
2.812,0.722,-1.700
2.816,0.716,-1.598
2.820,0.703,-1.717
2.824,0.654,-1.648
2.828,0.659,-1.677
2.832,0.697,-1.679
2.836,0.714,-1.669
2.840,0.699,-1.554
2.844,0.659,-1.542
2.848,0.730,-1.704
2.852,0.726,-1.659
2.856,0.668,-1.706
2.860,0.728,-1.688
2.864,0.645,-1.609
2.868,0.688,-1.650
2.872,0.709,-1.554
2.876,0.670,-1.594
2.880,0.704,-1.713
2.884,0.716,-1.628
2.888,0.637,-1.539
2.892,0.649,-1.554
2.896,0.674,-1.706
2.900,0.718,-1.691
2.904,0.714,-1.620
2.908,0.664,-1.685
2.912,0.710,-1.692
2.916,0.646,-1.627
2.920,0.657,-1.595
2.924,0.670,-1.643
2.928,0.715,-1.648
2.932,0.666,-1.541
2.936,0.692,-1.619
2.940,0.667,-1.659
2.944,0.714,-1.651
2.948,0.721,-1.632
2.952,0.702,-1.647
2.956,0.679,-1.640
2.960,0.696,-1.587
2.964,0.693,-1.614
2.968,0.678,-1.670
2.972,0.703,-1.699
2.976,0.644,-1.561
2.980,0.731,-1.533
2.984,0.725,-1.512
2.988,0.663,-1.510
2.992,0.687,-1.685
2.996,0.719,-1.699
3.000,0.721,-1.705
3.004,0.657,-1.703
3.008,0.703,-1.636
3.012,0.710,-1.668
3.016,0.703,-1.557
3.020,0.665,-1.518
3.024,0.684,-1.600
3.028,0.680,-1.637
3.032,0.724,-1.678
3.036,0.684,-1.656
3.040,0.736,-1.544
3.044,0.674,-1.665
3.048,0.663,-1.626
3.052,0.642,-1.525
3.056,0.734,-1.630
3.060,0.684,-1.588
3.064,0.708,-1.684
3.068,0.647,-1.629
3.072,0.720,-1.552
3.076,0.665,-1.690
3.080,0.719,-1.680
3.084,0.733,-1.682
3.088,0.729,-1.507
3.092,0.697,-1.594
3.096,0.665,-1.509
3.100,0.677,-1.605
3.104,0.740,-1.647
3.108,0.714,-1.688
3.112,0.673,-1.496
3.116,0.677,-1.647
3.120,0.701,-1.522
3.124,0.672,-1.673
3.128,0.649,-1.629
3.132,0.734,-1.602
3.136,0.732,-1.680
3.140,0.649,-1.596
3.144,0.645,-1.554
3.148,0.718,-1.618
3.152,0.695,-1.585
3.156,0.699,-1.584
3.160,0.678,-1.646
3.164,0.665,-1.679
3.168,0.711,-1.525
3.172,0.726,-1.523
3.176,0.743,-1.603
3.180,0.704,-1.622
3.184,0.742,-1.548
3.188,0.732,-1.647
3.192,0.670,-1.679
3.196,0.662,-1.518
3.200,0.702,-1.508
3.204,0.735,-1.507
3.208,0.662,-1.511
3.212,0.671,-1.536
3.216,0.677,-1.622
3.220,0.732,-1.486
3.224,0.741,-1.543
3.228,0.718,-1.594
3.232,0.659,-1.540
3.236,0.659,-1.635
3.240,0.681,-1.629
3.244,0.667,-1.490
3.248,0.739,-1.535
3.252,0.711,-1.623
3.256,0.700,-1.478
3.260,0.653,-1.676
3.264,0.656,-1.551
3.268,0.697,-1.656
3.272,0.731,-1.564
3.276,0.738,-1.642
3.280,0.652,-1.559
3.284,0.694,-1.626
3.288,0.698,-1.479
3.292,0.686,-1.534
3.296,0.730,-1.571
3.300,0.703,-1.576
3.304,0.665,-1.492
3.308,0.669,-1.625
3.312,0.716,-1.560
3.316,0.730,-1.557
3.320,0.650,-1.557
3.324,0.695,-1.480
3.328,0.742,-1.474
3.332,0.663,-1.666
3.336,0.707,-1.567
3.340,0.727,-1.576
3.344,0.737,-1.645
3.348,0.677,-1.519
3.352,0.670,-1.480
3.356,0.707,-1.618
3.360,0.728,-1.481
3.364,0.728,-1.473
3.368,0.720,-1.489
3.372,0.704,-1.655
3.376,0.721,-1.632
3.380,0.738,-1.616
3.384,0.691,-1.484
3.388,0.747,-1.628
3.392,0.673,-1.614
3.396,0.696,-1.486
3.400,0.663,-1.542
3.404,0.658,-1.626
3.408,0.650,-1.575
3.412,0.730,-1.488
3.416,0.661,-1.633
3.420,0.733,-1.651
3.424,0.711,-1.655
3.428,0.660,-1.639
3.432,0.711,-1.566
3.436,0.729,-1.474
3.440,0.723,-1.492
3.444,0.666,-1.580
3.448,0.750,-1.550
3.452,0.743,-1.609
3.456,0.692,-1.533
3.460,0.708,-1.456
3.464,0.713,-1.498
3.468,0.747,-1.465
3.472,0.685,-1.500
3.476,0.739,-1.610
3.480,0.701,-1.492
3.484,0.663,-1.535
3.488,0.686,-1.477
3.492,0.690,-1.633
3.496,0.733,-1.486
3.500,0.727,-1.552
3.504,0.673,-1.474
3.508,0.658,-1.497
3.512,0.676,-1.515
3.516,0.682,-1.515
3.520,0.681,-1.575
3.524,0.684,-1.463
3.528,0.672,-1.589
3.532,0.671,-1.464
3.536,0.720,-1.543
3.540,0.711,-1.581
3.544,0.691,-1.538
3.548,0.706,-1.613
3.552,0.746,-1.498
3.556,0.687,-1.472
3.560,0.692,-1.512
3.564,0.709,-1.444
3.568,0.688,-1.605
3.572,0.689,-1.525
3.576,0.713,-1.599
3.580,0.709,-1.570
3.584,0.668,-1.469
3.588,0.677,-1.589
3.592,0.707,-1.494
3.596,0.723,-1.606
3.600,0.751,-1.472
3.604,0.750,-1.496
3.608,0.673,-1.629
3.612,0.718,-1.443
3.616,0.690,-1.541
3.620,0.686,-1.472
3.624,0.720,-1.556
3.628,0.726,-1.469
3.632,0.724,-1.505
3.636,0.668,-1.556
3.640,0.699,-1.444
3.644,0.655,-1.473
3.648,0.679,-1.510
3.652,0.685,-1.605
3.656,0.685,-1.523
3.660,0.711,-1.490
3.664,0.733,-1.565
3.668,0.733,-1.540
3.672,0.677,-1.492
3.676,0.697,-1.472
3.680,0.700,-1.529
3.684,0.729,-1.455
3.688,0.730,-1.612
3.692,0.726,-1.571
3.696,0.707,-1.572
3.700,0.720,-1.563
3.704,0.718,-1.529
3.708,0.747,-1.552
3.712,0.709,-1.454
3.716,0.747,-1.446
3.720,0.746,-1.458
3.724,0.743,-1.463
3.728,0.744,-1.606
3.732,0.747,-1.559
3.736,0.723,-1.593
3.740,0.697,-1.491
3.744,0.747,-1.505
3.748,0.726,-1.604
3.752,0.750,-1.536
3.756,0.672,-1.572
3.760,0.719,-1.482
3.764,0.703,-1.612
3.768,0.675,-1.491
3.772,0.730,-1.525
3.776,0.718,-1.431
3.780,0.739,-1.523
3.784,0.742,-1.581
3.788,0.680,-1.557
3.792,0.727,-1.571
3.796,0.722,-1.616
3.800,0.752,-1.437
3.804,0.754,-1.605
3.808,0.681,-1.535
3.812,0.662,-1.616
3.816,0.672,-1.485
3.820,0.667,-1.551
3.824,0.675,-1.582
3.828,0.680,-1.494
3.832,0.675,-1.565
3.836,0.691,-1.446
3.840,0.735,-1.467
3.844,0.699,-1.458
3.848,0.716,-1.453
3.852,0.731,-1.488
3.856,0.702,-1.594
3.860,0.731,-1.499
3.864,0.685,-1.580
3.868,0.678,-1.435
3.872,0.721,-1.473
3.876,0.667,-1.552
3.880,0.659,-1.484
3.884,0.700,-1.478
3.888,0.709,-1.512
3.892,0.755,-1.505
3.896,0.739,-1.500
3.900,0.672,-1.415
3.904,0.745,-1.589
3.908,0.699,-1.582
3.912,0.732,-1.564
3.916,0.692,-1.418
3.920,0.663,-1.583
3.924,0.677,-1.555
3.928,0.737,-1.606
3.932,0.684,-1.597
3.936,0.733,-1.561
3.940,0.673,-1.463
3.944,0.677,-1.542
3.948,0.744,-1.440
3.952,0.707,-1.549
3.956,0.747,-1.514
3.960,0.697,-1.601
3.964,0.661,-1.489
3.968,0.700,-1.441
3.972,0.716,-1.448
3.976,0.715,-1.504
3.980,0.740,-1.561
3.984,0.733,-1.584
3.988,0.693,-1.475
3.992,0.708,-1.583
3.996,0.687,-1.535
4.000,0.737,-1.475
4.004,0.713,-1.563
4.008,0.746,-1.517
4.012,0.681,-1.500
4.016,0.673,-1.584
4.020,0.751,-1.523
4.024,0.721,-1.408
4.028,0.661,-1.490
4.032,0.724,-1.553
4.036,0.669,-1.428
4.040,0.692,-1.580
4.044,0.698,-1.498
4.048,0.738,-1.565
4.052,0.679,-1.580
4.056,0.727,-1.543
4.060,0.711,-1.468
4.064,0.747,-1.592
4.068,0.674,-1.529
4.072,0.733,-1.543
4.076,0.703,-1.446
4.080,0.723,-1.392
4.084,0.661,-1.413
4.088,0.701,-1.450
4.092,0.707,-1.549
4.096,0.694,-1.559
4.100,0.755,-1.462
4.104,0.751,-1.412
4.108,0.663,-1.549
4.112,0.737,-1.527
4.116,0.717,-1.436
4.120,0.746,-1.454
4.124,0.668,-1.437
4.128,0.743,-1.576
4.132,0.700,-1.407
4.136,0.730,-1.416
4.140,0.682,-1.516
4.144,0.722,-1.574
4.148,0.757,-1.466
4.152,0.727,-1.576
4.156,0.699,-1.394
4.160,0.687,-1.421
4.164,0.725,-1.407
4.168,0.697,-1.463
4.172,0.670,-1.481
4.176,0.740,-1.477
4.180,0.758,-1.474
4.184,0.698,-1.407
4.188,0.748,-1.555
4.192,0.713,-1.551
4.196,0.664,-1.432
4.200,0.713,-1.396
4.204,0.698,-1.551
4.208,0.722,-1.505
4.212,0.717,-1.411
4.216,0.692,-1.501
4.220,0.756,-1.557
4.224,0.663,-1.449
4.228,0.667,-1.496
4.232,0.676,-1.425
4.236,0.741,-1.381
4.240,0.687,-1.555
4.244,0.754,-1.462
4.248,0.704,-1.376
4.252,0.688,-1.483
4.256,0.741,-1.513
4.260,0.700,-1.533
4.264,0.673,-1.494
4.268,0.708,-1.558
4.272,0.728,-1.558
4.276,0.736,-1.385
4.280,0.730,-1.471
4.284,0.671,-1.378
4.288,0.674,-1.551
4.292,0.748,-1.390
4.296,0.674,-1.440
4.300,0.704,-1.558
4.304,0.668,-1.386
4.308,0.691,-1.400
4.312,0.721,-1.477
4.316,0.756,-1.423
4.320,0.678,-1.535
4.324,0.683,-1.510
4.328,0.718,-1.418
4.332,0.693,-1.456
4.336,0.664,-1.393
4.340,0.666,-1.392
4.344,0.693,-1.527
4.348,0.688,-1.563
4.352,0.705,-1.522
4.356,0.696,-1.446
4.360,0.704,-1.394
4.364,0.714,-1.377
4.368,0.731,-1.412
4.372,0.722,-1.509
4.376,0.715,-1.502
4.380,0.684,-1.392
4.384,0.700,-1.557
4.388,0.741,-1.528
4.392,0.697,-1.392
4.396,0.708,-1.380
4.400,0.717,-1.410
4.404,0.714,-1.488
4.408,0.694,-1.390
4.412,0.759,-1.380
4.416,0.689,-1.435
4.420,0.745,-1.534
4.424,0.682,-1.396
4.428,0.664,-1.419
4.432,0.676,-1.385
4.436,0.727,-1.388
4.440,0.742,-1.360
4.444,0.665,-1.513
4.448,0.725,-1.381
4.452,0.683,-1.525
4.456,0.744,-1.506
4.460,0.706,-1.547
4.464,0.693,-1.460
4.468,0.750,-1.507
4.472,0.741,-1.375
4.476,0.746,-1.411
4.480,0.733,-1.393
4.484,0.715,-1.506
4.488,0.727,-1.495
4.492,0.735,-1.445
4.496,0.701,-1.458
4.500,0.751,-1.532
4.504,0.669,-1.394
4.508,0.756,-1.445
4.512,0.722,-1.514
4.516,0.744,-1.352
4.520,0.697,-1.435
4.524,0.755,-1.396
4.528,0.710,-1.361
4.532,0.756,-1.485
4.536,0.705,-1.364
4.540,0.757,-1.496
4.544,0.735,-1.482
4.548,0.684,-1.427
4.552,0.744,-1.480
4.556,0.723,-1.473
4.560,0.729,-1.374
4.564,0.694,-1.389
4.568,0.669,-1.498
4.572,0.698,-1.524
4.576,0.699,-1.418
4.580,0.729,-1.369
4.584,0.751,-1.377
4.588,0.733,-1.394
4.592,0.741,-1.492
4.596,0.665,-1.376
4.600,0.753,-1.442
4.604,0.686,-1.394
4.608,0.688,-1.498
4.612,0.660,-1.513
4.616,0.729,-1.466
4.620,0.731,-1.432
4.624,0.716,-1.493
4.628,0.707,-1.498
4.632,0.721,-1.495
4.636,0.695,-1.528
4.640,0.711,-1.504
4.644,0.739,-1.456
4.648,0.736,-1.467
4.652,0.756,-1.480
4.656,0.726,-1.477
4.660,0.710,-1.470
4.664,0.677,-1.440
4.668,0.717,-1.357
4.672,0.658,-1.390
4.676,0.710,-1.406
4.680,0.681,-1.526
4.684,0.671,-1.365
4.688,0.666,-1.341
4.692,0.678,-1.454
4.696,0.678,-1.376
4.700,0.733,-1.374
4.704,0.704,-1.512
4.708,0.722,-1.338
4.712,0.730,-1.414
4.716,0.744,-1.518
4.720,0.700,-1.408
4.724,0.737,-1.531
4.728,0.691,-1.337
4.732,0.748,-1.528
4.736,0.709,-1.439
4.740,0.700,-1.497
4.744,0.691,-1.369
4.748,0.723,-1.335
4.752,0.695,-1.349
4.756,0.749,-1.355
4.760,0.658,-1.454
4.764,0.694,-1.404
4.768,0.691,-1.428
4.772,0.665,-1.506
4.776,0.740,-1.424
4.780,0.713,-1.341
4.784,0.683,-1.519
4.788,0.710,-1.472
4.792,0.747,-1.402
4.796,0.689,-1.490
4.800,0.730,-1.470
4.804,0.735,-1.495
4.808,0.745,-1.511
4.812,0.735,-1.397
4.816,0.659,-1.408
4.820,0.687,-1.343
4.824,0.743,-1.486
4.828,0.755,-1.468
4.832,0.751,-1.361
4.836,0.725,-1.470
4.840,0.668,-1.454
4.844,0.669,-1.326
4.848,0.685,-1.517
4.852,0.661,-1.354
4.856,0.662,-1.478
4.860,0.677,-1.350
4.864,0.676,-1.455
4.868,0.734,-1.433
4.872,0.696,-1.414
4.876,0.708,-1.429
4.880,0.678,-1.447
4.884,0.711,-1.342
4.888,0.742,-1.462
4.892,0.732,-1.513
4.896,0.712,-1.320
4.900,0.714,-1.385
4.904,0.658,-1.339
4.908,0.660,-1.338
4.912,0.748,-1.418
4.916,0.707,-1.462
4.920,0.697,-1.354
4.924,0.713,-1.491
4.928,0.696,-1.467
4.932,0.698,-1.338
4.936,0.738,-1.501
4.940,0.742,-1.467
4.944,0.676,-1.343
4.948,0.751,-1.493
4.952,0.736,-1.500
4.956,0.684,-1.483
4.960,0.692,-1.317
4.964,0.750,-1.429
4.968,0.733,-1.432
4.972,0.662,-1.372
4.976,0.694,-1.373
4.980,0.713,-1.452
4.984,0.696,-1.467
4.988,0.675,-1.423
4.992,0.660,-1.478
4.996,0.691,-1.455
5.000,0.696,-1.486
5.004,0.672,-1.356
5.008,0.662,-1.462
5.012,0.726,-1.379
5.016,0.726,-1.321
5.020,0.752,-1.456
5.024,0.730,-1.464
5.028,0.655,-1.326
5.032,0.729,-1.347
5.036,0.694,-1.362
5.040,0.693,-1.366
5.044,0.697,-1.465
5.048,0.687,-1.346
5.052,0.708,-1.464
5.056,0.664,-1.470
5.060,0.715,-1.383
5.064,0.708,-1.483
5.068,0.673,-1.387
5.072,0.725,-1.421
5.076,0.710,-1.392
5.080,0.655,-1.308
5.084,0.728,-1.496
5.088,0.655,-1.422
5.092,0.728,-1.465
5.096,0.745,-1.362
5.100,0.658,-1.402
5.104,0.718,-1.501
5.108,0.690,-1.461
5.112,0.661,-1.330
5.116,0.666,-1.305
5.120,0.686,-1.480
5.124,0.675,-1.436
5.128,0.667,-1.313
5.132,0.728,-1.479
5.136,0.671,-1.417
5.140,0.736,-1.366
5.144,0.736,-1.466
5.148,0.708,-1.329
5.152,0.721,-1.404
5.156,0.681,-1.374
5.160,0.654,-1.411
5.164,0.655,-1.401
5.168,0.733,-1.362
5.172,0.727,-1.316
5.176,0.731,-1.330
5.180,0.748,-1.304
5.184,0.660,-1.407
5.188,0.717,-1.482
5.192,0.656,-1.352
5.196,0.697,-1.347
5.200,0.672,-1.450
5.204,0.716,-1.406
5.208,0.711,-1.492
5.212,0.682,-1.451
5.216,0.746,-1.405
5.220,0.696,-1.393
5.224,0.741,-1.381
5.228,0.723,-1.323
5.232,0.656,-1.471
5.236,0.666,-1.432
5.240,0.667,-1.317
5.244,0.747,-1.412
5.248,0.699,-1.410
5.252,0.713,-1.301
5.256,0.702,-1.372
5.260,0.675,-1.348
5.264,0.695,-1.368
5.268,0.732,-1.359
5.272,0.731,-1.326
5.276,0.678,-1.449
5.280,0.662,-1.451
5.284,0.655,-1.420
5.288,0.682,-1.330
5.292,0.727,-1.417
5.296,0.722,-1.456
5.300,0.736,-1.408
5.304,0.662,-1.414
5.308,0.652,-1.469
5.312,0.681,-1.421
5.316,0.687,-1.358
5.320,0.669,-1.478
5.324,0.715,-1.373
5.328,0.733,-1.340
5.332,0.702,-1.481
5.336,0.740,-1.396
5.340,0.658,-1.424
5.344,0.684,-1.476
5.348,0.714,-1.484
5.352,0.690,-1.395
5.356,0.688,-1.289
5.360,0.699,-1.290
5.364,0.661,-1.374
5.368,0.678,-1.294
5.372,0.725,-1.431
5.376,0.684,-1.458
5.380,0.722,-1.422
5.384,0.727,-1.319
5.388,0.689,-1.361
5.392,0.667,-1.335
5.396,0.743,-1.410
5.400,0.740,-1.337
5.404,0.683,-1.369
5.408,0.691,-1.369
5.412,0.695,-1.444
5.416,0.727,-1.360
5.420,0.746,-1.426
5.424,0.725,-1.329
5.428,0.727,-1.454
5.432,0.734,-1.315
5.436,0.741,-1.465
5.440,0.677,-1.456
5.444,0.695,-1.324
5.448,0.662,-1.282
5.452,0.745,-1.322
5.456,0.698,-1.396
5.460,0.694,-1.405
5.464,0.735,-1.303
5.468,0.667,-1.428
5.472,0.703,-1.463
5.476,0.665,-1.335
5.480,0.726,-1.472
5.484,0.742,-1.391
5.488,0.729,-1.326
5.492,0.691,-1.319
5.496,0.720,-1.324
5.500,0.675,-1.360
5.504,0.740,-1.317
5.508,0.701,-1.451
5.512,0.716,-1.321
5.516,0.699,-1.301
5.520,0.696,-1.327
5.524,0.699,-1.460
5.528,0.734,-1.358
5.532,0.654,-1.348
5.536,0.742,-1.451
5.540,0.689,-1.431
5.544,0.694,-1.420
5.548,0.731,-1.272
5.552,0.729,-1.297
5.556,0.674,-1.324
5.560,0.662,-1.367
5.564,0.726,-1.453
5.568,0.708,-1.333
5.572,0.710,-1.279
5.576,0.660,-1.353
5.580,0.673,-1.288
5.584,0.712,-1.298
5.588,0.733,-1.427
5.592,0.726,-1.270
5.596,0.669,-1.442
5.600,0.733,-1.372
5.604,0.739,-1.427
5.608,0.669,-1.282
5.612,0.684,-1.297
5.616,0.727,-1.356
5.620,0.737,-1.391
5.624,0.724,-1.350
5.628,0.707,-1.410
5.632,0.653,-1.382
5.636,0.734,-1.424
5.640,0.716,-1.313
5.644,0.714,-1.361
5.648,0.656,-1.423
5.652,0.650,-1.399
5.656,0.645,-1.398
5.660,0.716,-1.278
5.664,0.705,-1.384
5.668,0.738,-1.386
5.672,0.682,-1.428
5.676,0.656,-1.263
5.680,0.688,-1.345
5.684,0.727,-1.320
5.688,0.663,-1.462
5.692,0.681,-1.271
5.696,0.679,-1.353
5.700,0.694,-1.280
5.704,0.686,-1.325
5.708,0.671,-1.309
5.712,0.650,-1.331
5.716,0.642,-1.453
5.720,0.650,-1.281
5.724,0.732,-1.458
5.728,0.649,-1.436
5.732,0.673,-1.409
5.736,0.669,-1.427
5.740,0.691,-1.318
5.744,0.666,-1.319
5.748,0.643,-1.356
5.752,0.729,-1.412
5.756,0.680,-1.416
5.760,0.684,-1.414
5.764,0.648,-1.262
5.768,0.707,-1.336
5.772,0.676,-1.349
5.776,0.714,-1.445
5.780,0.724,-1.450
5.784,0.656,-1.275
5.788,0.724,-1.323
5.792,0.735,-1.383
5.796,0.702,-1.346
5.800,0.735,-1.393
5.804,0.667,-1.311
5.808,0.681,-1.283
5.812,0.681,-1.413
5.816,0.689,-1.415
5.820,0.672,-1.282
5.824,0.692,-1.403
5.828,0.731,-1.431
5.832,0.688,-1.389
5.836,0.730,-1.299
5.840,0.661,-1.366
5.844,0.638,-1.255
5.848,0.719,-1.393
5.852,0.731,-1.445
5.856,0.695,-1.302
5.860,0.702,-1.386
5.864,0.672,-1.441
5.868,0.721,-1.433
5.872,0.659,-1.428
5.876,0.710,-1.438
5.880,0.654,-1.446
5.884,0.697,-1.324
5.888,0.725,-1.253
5.892,0.693,-1.408
5.896,0.679,-1.342
5.900,0.647,-1.265
5.904,0.728,-1.255
5.908,0.652,-1.399
5.912,0.658,-1.280
5.916,0.695,-1.333
5.920,0.681,-1.409
5.924,0.725,-1.404
5.928,0.709,-1.270
5.932,0.716,-1.247
5.936,0.674,-1.383
5.940,0.657,-1.392
5.944,0.721,-1.304
5.948,0.693,-1.320
5.952,0.694,-1.361
5.956,0.730,-1.357
5.960,0.694,-1.368
5.964,0.656,-1.341
5.968,0.653,-1.438
5.972,0.664,-1.279
5.976,0.688,-1.411
5.980,0.732,-1.347
5.984,0.641,-1.300
5.988,0.695,-1.442
5.992,0.657,-1.424
5.996,0.683,-1.300
6.000,0.700,-1.416
6.004,0.658,-1.374
6.008,0.709,-1.312
6.012,0.721,-1.400
6.016,0.690,-1.405
6.020,0.679,-1.396
6.024,0.666,-1.432
6.028,0.682,-1.441
6.032,0.678,-1.331
6.036,0.671,-1.414
6.040,0.710,-1.335
6.044,0.708,-1.307
6.048,0.702,-1.312
6.052,0.693,-1.262
6.056,0.664,-1.304
6.060,0.672,-1.413
6.064,0.655,-1.391
6.068,0.704,-1.380
6.072,0.635,-1.245
6.076,0.659,-1.333
6.080,0.713,-1.376
6.084,0.722,-1.414
6.088,0.638,-1.385
6.092,0.648,-1.424
6.096,0.668,-1.387
6.100,0.695,-1.306
6.104,0.675,-1.280
6.108,0.650,-1.309
6.112,0.633,-1.299
6.116,0.658,-1.385
6.120,0.631,-1.240
6.124,0.638,-1.425
6.128,0.641,-1.419
6.132,0.654,-1.402
6.136,0.723,-1.346
6.140,0.713,-1.319
6.144,0.653,-1.416
6.148,0.638,-1.352
6.152,0.708,-1.286
6.156,0.692,-1.392
6.160,0.701,-1.428
6.164,0.708,-1.287
6.168,0.713,-1.420
6.172,0.659,-1.355
6.176,0.644,-1.335
6.180,0.702,-1.279
6.184,0.687,-1.290
6.188,0.639,-1.253
6.192,0.642,-1.244
6.196,0.726,-1.279
6.200,0.705,-1.422
6.204,0.707,-1.390
6.208,0.670,-1.370
6.212,0.723,-1.414
6.216,0.691,-1.274
6.220,0.692,-1.398
6.224,0.700,-1.304
6.228,0.706,-1.348
6.232,0.724,-1.310
6.236,0.715,-1.257
6.240,0.688,-1.402
6.244,0.693,-1.250
6.248,0.700,-1.240
6.252,0.727,-1.390
6.256,0.715,-1.234
6.260,0.713,-1.376
6.264,0.722,-1.346
6.268,0.657,-1.422
6.272,0.628,-1.348
6.276,0.634,-1.426
6.280,0.696,-1.397
6.284,0.693,-1.263
6.288,0.663,-1.389
6.292,0.717,-1.282
6.296,0.642,-1.356
6.300,0.640,-1.374
6.304,0.723,-1.258
6.308,0.630,-1.262
6.312,0.651,-1.325
6.316,0.674,-1.346
6.320,0.643,-1.394
6.324,0.668,-1.407
6.328,0.695,-1.393
6.332,0.632,-1.338
6.336,0.638,-1.306
6.340,0.635,-1.311
6.344,0.653,-1.412
6.348,0.698,-1.366
6.352,0.683,-1.228
6.356,0.642,-1.249
6.360,0.651,-1.264
6.364,0.686,-1.292
6.368,0.651,-1.262
6.372,0.647,-1.308
6.376,0.711,-1.391
6.380,0.697,-1.383
6.384,0.706,-1.242
6.388,0.714,-1.275
6.392,0.628,-1.411
6.396,0.714,-1.286
6.400,0.633,-1.236
6.404,0.656,-1.248
6.408,0.642,-1.222
6.412,0.634,-1.261
6.416,0.644,-1.338
6.420,0.654,-1.358
6.424,0.630,-1.421
6.428,0.628,-1.232
6.432,0.626,-1.401
6.436,0.683,-1.341
6.440,0.677,-1.322
6.444,0.625,-1.370
6.448,0.649,-1.374
6.452,0.678,-1.396
6.456,0.639,-1.328
6.460,0.718,-1.419
6.464,0.716,-1.326
6.468,0.709,-1.244
6.472,0.694,-1.401
6.476,0.677,-1.352
6.480,0.642,-1.352
6.484,0.717,-1.355
6.488,0.665,-1.312
6.492,0.653,-1.226
6.496,0.659,-1.363
6.500,0.710,-1.280
6.504,0.658,-1.297
6.508,0.700,-1.400
6.512,0.647,-1.403
6.516,0.626,-1.279
6.520,0.713,-1.266
6.524,0.691,-1.260
6.528,0.693,-1.387
6.532,0.688,-1.364
6.536,0.681,-1.280
6.540,0.696,-1.385
6.544,0.673,-1.297
6.548,0.708,-1.342
6.552,0.714,-1.260
6.556,0.715,-1.264
6.560,0.663,-1.237
6.564,0.634,-1.247
6.568,0.708,-1.219
6.572,0.698,-1.254
6.576,0.631,-1.226
6.580,0.654,-1.267
6.584,0.656,-1.276
6.588,0.685,-1.360
6.592,0.646,-1.291
6.596,0.652,-1.262
6.600,0.664,-1.268
6.604,0.660,-1.221
6.608,0.712,-1.401
6.612,0.686,-1.316
6.616,0.708,-1.306
6.620,0.629,-1.243
6.624,0.683,-1.336
6.628,0.648,-1.260
6.632,0.658,-1.304
6.636,0.653,-1.317
6.640,0.654,-1.276
6.644,0.686,-1.270
6.648,0.651,-1.239
6.652,0.622,-1.337
6.656,0.633,-1.385
6.660,0.714,-1.273
6.664,0.685,-1.285
6.668,0.687,-1.316
6.672,0.656,-1.388
6.676,0.653,-1.404
6.680,0.677,-1.335
6.684,0.666,-1.352
6.688,0.707,-1.378
6.692,0.621,-1.296
6.696,0.622,-1.302
6.700,0.637,-1.305
6.704,0.711,-1.379
6.708,0.675,-1.300
6.712,0.661,-1.221
6.716,0.643,-1.337
6.720,0.702,-1.302
6.724,0.648,-1.265
6.728,0.675,-1.375
6.732,0.623,-1.224
6.736,0.702,-1.322
6.740,0.638,-1.391
6.744,0.680,-1.351
6.748,0.712,-1.285
6.752,0.698,-1.333
6.756,0.621,-1.333
6.760,0.673,-1.260
6.764,0.641,-1.232
6.768,0.697,-1.275
6.772,0.689,-1.331
6.776,0.665,-1.383
6.780,0.689,-1.239
6.784,0.618,-1.342
6.788,0.711,-1.242
6.792,0.626,-1.380
6.796,0.638,-1.262
6.800,0.643,-1.205
6.804,0.653,-1.207
6.808,0.705,-1.209
6.812,0.712,-1.399
6.816,0.670,-1.361
6.820,0.691,-1.357
6.824,0.685,-1.385
6.828,0.693,-1.397
6.832,0.674,-1.349
6.836,0.710,-1.364
6.840,0.651,-1.401
6.844,0.706,-1.383
6.848,0.668,-1.375
6.852,0.675,-1.306
6.856,0.661,-1.269
6.860,0.653,-1.330
6.864,0.632,-1.280
6.868,0.639,-1.339
6.872,0.645,-1.239
6.876,0.692,-1.338
6.880,0.613,-1.257
6.884,0.667,-1.258
6.888,0.678,-1.299
6.892,0.697,-1.213
6.896,0.689,-1.372
6.900,0.704,-1.282
6.904,0.685,-1.223
6.908,0.677,-1.274
6.912,0.656,-1.396
6.916,0.665,-1.262
6.920,0.695,-1.251
6.924,0.636,-1.257
6.928,0.686,-1.341
6.932,0.675,-1.270
6.936,0.668,-1.330
6.940,0.682,-1.378
6.944,0.670,-1.289
6.948,0.652,-1.384
6.952,0.664,-1.329
6.956,0.617,-1.221
6.960,0.637,-1.238
6.964,0.680,-1.369
6.968,0.661,-1.265
6.972,0.692,-1.202
6.976,0.648,-1.321
6.980,0.625,-1.339
6.984,0.703,-1.253
6.988,0.700,-1.215
6.992,0.646,-1.325
6.996,0.641,-1.207
7.000,0.633,-1.238
7.004,0.614,-1.228
7.008,0.678,-1.329
7.012,0.689,-1.304
7.016,0.697,-1.357
7.020,0.664,-1.350
7.024,0.620,-1.236
7.028,0.621,-1.282
7.032,0.697,-1.244
7.036,0.650,-1.346
7.040,0.701,-1.341
7.044,0.683,-1.291
7.048,0.620,-1.209
7.052,0.684,-1.282
7.056,0.640,-1.296
7.060,0.675,-1.349
7.064,0.656,-1.279
7.068,0.705,-1.337
7.072,0.612,-1.376
7.076,0.621,-1.372
7.080,0.655,-1.369
7.084,0.628,-1.332
7.088,0.663,-1.330
7.092,0.634,-1.237
7.096,0.666,-1.256
7.100,0.608,-1.199
7.104,0.676,-1.258
7.108,0.644,-1.270
7.112,0.618,-1.360
7.116,0.698,-1.198
7.120,0.699,-1.389
7.124,0.697,-1.300
7.128,0.701,-1.277
7.132,0.641,-1.298
7.136,0.616,-1.351
7.140,0.620,-1.231
7.144,0.683,-1.376
7.148,0.663,-1.253
7.152,0.609,-1.214
7.156,0.616,-1.269
7.160,0.622,-1.316
7.164,0.624,-1.300
7.168,0.615,-1.242
7.172,0.658,-1.323
7.176,0.670,-1.322
7.180,0.694,-1.344
7.184,0.694,-1.231
7.188,0.638,-1.315
7.192,0.672,-1.362
7.196,0.644,-1.295
7.200,0.685,-1.353
7.204,0.654,-1.214
7.208,0.626,-1.213
7.212,0.606,-1.314
7.216,0.690,-1.254
7.220,0.696,-1.303
7.224,0.632,-1.340
7.228,0.646,-1.314
7.232,0.610,-1.268
7.236,0.646,-1.252
7.240,0.605,-1.195
7.244,0.642,-1.332
7.248,0.630,-1.266
7.252,0.667,-1.362
7.256,0.616,-1.207
7.260,0.637,-1.246
7.264,0.691,-1.236
7.268,0.677,-1.295
7.272,0.607,-1.246
7.276,0.679,-1.220
7.280,0.626,-1.247
7.284,0.632,-1.297
7.288,0.681,-1.335
7.292,0.626,-1.371
7.296,0.664,-1.267
7.300,0.634,-1.207
7.304,0.671,-1.299
7.308,0.684,-1.367
7.312,0.602,-1.197
7.316,0.604,-1.195
7.320,0.686,-1.264
7.324,0.614,-1.318
7.328,0.695,-1.192
7.332,0.689,-1.211
7.336,0.669,-1.382
7.340,0.619,-1.313
7.344,0.658,-1.235
7.348,0.665,-1.330
7.352,0.613,-1.311
7.356,0.627,-1.350
7.360,0.688,-1.209
7.364,0.666,-1.284
7.368,0.620,-1.191
7.372,0.657,-1.340
7.376,0.686,-1.348
7.380,0.613,-1.251
7.384,0.660,-1.347
7.388,0.654,-1.230
7.392,0.647,-1.284
7.396,0.655,-1.336
7.400,0.616,-1.308
7.404,0.639,-1.282
7.408,0.632,-1.218
7.412,0.650,-1.364
7.416,0.674,-1.368
7.420,0.616,-1.279
7.424,0.621,-1.216
7.428,0.692,-1.230
7.432,0.605,-1.349
7.436,0.636,-1.289
7.440,0.613,-1.352
7.444,0.608,-1.354
7.448,0.681,-1.231
7.452,0.680,-1.324
7.456,0.692,-1.271
7.460,0.678,-1.359
7.464,0.652,-1.285
7.468,0.690,-1.286
7.472,0.661,-1.364
7.476,0.640,-1.223
7.480,0.619,-1.219
7.484,0.616,-1.366
7.488,0.601,-1.286
7.492,0.605,-1.256
7.496,0.655,-1.337
7.500,0.598,-1.254
7.504,0.652,-1.352
7.508,0.691,-1.378
7.512,0.657,-1.360
7.516,0.668,-1.262
7.520,0.656,-1.244
7.524,0.613,-1.339
7.528,0.638,-1.247
7.532,0.636,-1.185
7.536,0.657,-1.364
7.540,0.614,-1.356
7.544,0.604,-1.353
7.548,0.611,-1.373
7.552,0.625,-1.359
7.556,0.677,-1.241
7.560,0.663,-1.367
7.564,0.638,-1.308
7.568,0.668,-1.315
7.572,0.664,-1.216
7.576,0.667,-1.324
7.580,0.660,-1.378
7.584,0.694,-1.377
7.588,0.661,-1.325
7.592,0.683,-1.314
7.596,0.676,-1.326
7.600,0.672,-1.192
7.604,0.674,-1.351
7.608,0.637,-1.243
7.612,0.663,-1.359
7.616,0.650,-1.183
7.620,0.636,-1.215
7.624,0.691,-1.205
7.628,0.643,-1.232
7.632,0.672,-1.273
7.636,0.629,-1.359
7.640,0.661,-1.314
7.644,0.667,-1.233
7.648,0.678,-1.290
7.652,0.687,-1.307
7.656,0.617,-1.346
7.660,0.632,-1.364
7.664,0.640,-1.334
7.668,0.606,-1.279
7.672,0.640,-1.230
7.676,0.686,-1.332
7.680,0.642,-1.298
7.684,0.658,-1.236
7.688,0.615,-1.286
7.692,0.604,-1.275
7.696,0.609,-1.338
7.700,0.671,-1.206
7.704,0.661,-1.230
7.708,0.631,-1.212
7.712,0.651,-1.257
7.716,0.640,-1.266
7.720,0.683,-1.267
7.724,0.661,-1.337
7.728,0.639,-1.207
7.732,0.624,-1.318
7.736,0.616,-1.367
7.740,0.627,-1.338
7.744,0.679,-1.356
7.748,0.625,-1.355
7.752,0.664,-1.299
7.756,0.619,-1.183
7.760,0.614,-1.232
7.764,0.653,-1.349
7.768,0.679,-1.309
7.772,0.685,-1.323
7.776,0.623,-1.224
7.780,0.617,-1.237
7.784,0.593,-1.206
7.788,0.608,-1.247
7.792,0.674,-1.275
7.796,0.619,-1.300
7.800,0.651,-1.362
7.804,0.673,-1.299
7.808,0.676,-1.240
7.812,0.626,-1.241
7.816,0.633,-1.357
7.820,0.628,-1.289
7.824,0.599,-1.262
7.828,0.611,-1.176
7.832,0.678,-1.173
7.836,0.636,-1.363
7.840,0.615,-1.355
7.844,0.604,-1.259
7.848,0.637,-1.209
7.852,0.643,-1.198
7.856,0.634,-1.219
7.860,0.624,-1.362
7.864,0.597,-1.246
7.868,0.680,-1.231
7.872,0.676,-1.185
7.876,0.594,-1.274
7.880,0.600,-1.342
7.884,0.627,-1.356
7.888,0.664,-1.281
7.892,0.593,-1.197
7.896,0.665,-1.347
7.900,0.602,-1.205
7.904,0.620,-1.179
7.908,0.613,-1.244
7.912,0.606,-1.356
7.916,0.620,-1.188
7.920,0.662,-1.193
7.924,0.597,-1.242
7.928,0.632,-1.277
7.932,0.675,-1.312
7.936,0.600,-1.309
7.940,0.630,-1.227
7.944,0.626,-1.230
7.948,0.615,-1.326
7.952,0.613,-1.284
7.956,0.676,-1.227
7.960,0.608,-1.237
7.964,0.606,-1.264
7.968,0.675,-1.230
7.972,0.647,-1.199
7.976,0.595,-1.353
7.980,0.634,-1.328
7.984,0.618,-1.185
7.988,0.686,-1.280
7.992,0.638,-1.222
7.996,0.643,-1.234
8.000,0.631,-1.225
8.004,0.593,-1.231
8.008,0.608,-1.318
8.012,0.682,-1.256
8.016,0.688,-1.331
8.020,0.675,-1.199
8.024,0.682,-1.191
8.028,0.683,-1.342
8.032,0.610,-1.197
8.036,0.623,-1.174
8.040,0.650,-1.196
8.044,0.590,-1.197
8.048,0.687,-1.214
8.052,0.649,-1.357
8.056,0.683,-1.202
8.060,0.665,-1.234
8.064,0.641,-1.351
8.068,0.629,-1.222
8.072,0.669,-1.229
8.076,0.672,-1.213
8.080,0.683,-1.233
8.084,0.639,-1.352
8.088,0.659,-1.328
8.092,0.664,-1.188
8.096,0.677,-1.240
8.100,0.627,-1.286
8.104,0.662,-1.356
8.108,0.606,-1.175
8.112,0.607,-1.286
8.116,0.617,-1.316
8.120,0.663,-1.267
8.124,0.623,-1.225
8.128,0.631,-1.300
8.132,0.638,-1.255
8.136,0.629,-1.330
8.140,0.598,-1.244
8.144,0.608,-1.189
8.148,0.594,-1.260
8.152,0.623,-1.230
8.156,0.620,-1.273
8.160,0.627,-1.211
8.164,0.592,-1.233
8.168,0.650,-1.363
8.172,0.623,-1.194
8.176,0.619,-1.325
8.180,0.614,-1.235
8.184,0.595,-1.242
8.188,0.662,-1.176
8.192,0.658,-1.336
8.196,0.686,-1.166
8.200,0.610,-1.199
8.204,0.605,-1.235
8.208,0.610,-1.209
8.212,0.655,-1.334
8.216,0.650,-1.189
8.220,0.593,-1.281
8.224,0.614,-1.248
8.228,0.675,-1.281
8.232,0.598,-1.341
8.236,0.676,-1.213
8.240,0.655,-1.325
8.244,0.589,-1.180
8.248,0.609,-1.165
8.252,0.662,-1.180
8.256,0.680,-1.285
8.260,0.668,-1.274
8.264,0.669,-1.247
8.268,0.632,-1.176
8.272,0.639,-1.213
8.276,0.673,-1.174
8.280,0.644,-1.200
8.284,0.598,-1.189
8.288,0.589,-1.344
8.292,0.637,-1.276
8.296,0.672,-1.221
8.300,0.609,-1.273
8.304,0.661,-1.341
8.308,0.605,-1.208
8.312,0.632,-1.223
8.316,0.648,-1.325
8.320,0.629,-1.329
8.324,0.677,-1.222
8.328,0.672,-1.194
8.332,0.615,-1.252
8.336,0.670,-1.254
8.340,0.632,-1.193
8.344,0.601,-1.183
8.348,0.678,-1.224
8.352,0.670,-1.232
8.356,0.662,-1.275
8.360,0.596,-1.183
8.364,0.671,-1.239
8.368,0.651,-1.305
8.372,0.642,-1.307
8.376,0.634,-1.339
8.380,0.624,-1.311
8.384,0.598,-1.300
8.388,0.635,-1.210
8.392,0.609,-1.236
8.396,0.677,-1.204
8.400,0.618,-1.239
8.404,0.600,-1.183
8.408,0.612,-1.310
8.412,0.662,-1.181
8.416,0.589,-1.176
8.420,0.623,-1.326
8.424,0.667,-1.259
8.428,0.685,-1.216
8.432,0.589,-1.195
8.436,0.609,-1.302
8.440,0.671,-1.324
8.444,0.615,-1.251
8.448,0.631,-1.272
8.452,0.660,-1.259
8.456,0.647,-1.219
8.460,0.663,-1.312
8.464,0.619,-1.192
8.468,0.613,-1.350
8.472,0.595,-1.201
8.476,0.625,-1.170
8.480,0.622,-1.196
8.484,0.634,-1.199
8.488,0.629,-1.185
8.492,0.654,-1.172
8.496,0.634,-1.188
8.500,0.616,-1.285
8.504,0.676,-1.267
8.508,0.617,-1.345
8.512,0.614,-1.273
8.516,0.604,-1.217
8.520,0.682,-1.276
8.524,0.622,-1.337
8.528,0.647,-1.242
8.532,0.639,-1.189
8.536,0.629,-1.187
8.540,0.605,-1.248
8.544,0.672,-1.208
8.548,0.684,-1.266
8.552,0.618,-1.325
8.556,0.624,-1.330
8.560,0.621,-1.259
8.564,0.661,-1.345
8.568,0.619,-1.204
8.572,0.663,-1.322
8.576,0.626,-1.265
8.580,0.598,-1.303
8.584,0.616,-1.356
8.588,0.595,-1.345
8.592,0.678,-1.218
8.596,0.621,-1.338
8.600,0.637,-1.322
8.604,0.629,-1.336
8.608,0.626,-1.262
8.612,0.625,-1.181
8.616,0.677,-1.320
8.620,0.643,-1.238
8.624,0.619,-1.350
8.628,0.599,-1.262
8.632,0.588,-1.212
8.636,0.653,-1.276
8.640,0.606,-1.259
8.644,0.591,-1.339
8.648,0.636,-1.226
8.652,0.602,-1.293
8.656,0.664,-1.355
8.660,0.653,-1.331
8.664,0.652,-1.329
8.668,0.624,-1.242
8.672,0.684,-1.333
8.676,0.620,-1.343
8.680,0.602,-1.301
8.684,0.640,-1.233
8.688,0.631,-1.186
8.692,0.622,-1.275
8.696,0.621,-1.341
8.700,0.638,-1.343
8.704,0.603,-1.311
8.708,0.668,-1.220
8.712,0.678,-1.291
8.716,0.588,-1.277
8.720,0.664,-1.168
8.724,0.610,-1.234
8.728,0.586,-1.278
8.732,0.654,-1.172
8.736,0.637,-1.228
8.740,0.608,-1.306
8.744,0.617,-1.301
8.748,0.601,-1.288
8.752,0.614,-1.166
8.756,0.659,-1.330
8.760,0.684,-1.165
8.764,0.640,-1.260
8.768,0.602,-1.239
8.772,0.597,-1.242
8.776,0.614,-1.310
8.780,0.628,-1.333
8.784,0.611,-1.348
8.788,0.642,-1.244
8.792,0.588,-1.340
8.796,0.636,-1.232
8.800,0.670,-1.178
8.804,0.604,-1.211
8.808,0.619,-1.245
8.812,0.680,-1.309
8.816,0.630,-1.194
8.820,0.630,-1.343
8.824,0.643,-1.242
8.828,0.592,-1.225
8.832,0.627,-1.229
8.836,0.624,-1.200
8.840,0.594,-1.288
8.844,0.654,-1.261
8.848,0.598,-1.311
8.852,0.680,-1.218
8.856,0.657,-1.308
8.860,0.599,-1.284
8.864,0.614,-1.244
8.868,0.658,-1.275
8.872,0.632,-1.164
8.876,0.682,-1.318
8.880,0.667,-1.212
8.884,0.657,-1.188
8.888,0.598,-1.191
8.892,0.591,-1.343
8.896,0.616,-1.354
8.900,0.596,-1.223
8.904,0.632,-1.164
8.908,0.656,-1.252
8.912,0.599,-1.170
8.916,0.669,-1.308
8.920,0.667,-1.277
8.924,0.590,-1.181
8.928,0.645,-1.316
8.932,0.676,-1.348
8.936,0.684,-1.325
8.940,0.632,-1.255
8.944,0.605,-1.336
8.948,0.588,-1.217
8.952,0.683,-1.325
8.956,0.640,-1.271
8.960,0.646,-1.300
8.964,0.588,-1.180
8.968,0.638,-1.311
8.972,0.662,-1.271
8.976,0.663,-1.208
8.980,0.650,-1.172
8.984,0.594,-1.202
8.988,0.674,-1.190
8.992,0.630,-1.325
8.996,0.663,-1.207
9.000,0.646,-1.230
9.004,0.635,-1.220
9.008,0.643,-1.266
9.012,0.678,-1.258
9.016,0.657,-1.333
9.020,0.651,-1.192
9.024,0.631,-1.312
9.028,0.618,-1.230
9.032,0.639,-1.309
9.036,0.633,-1.224
9.040,0.654,-1.314
9.044,0.603,-1.186
9.048,0.634,-1.240
9.052,0.591,-1.328
9.056,0.645,-1.177
9.060,0.604,-1.164
9.064,0.665,-1.192
9.068,0.613,-1.329
9.072,0.616,-1.257
9.076,0.598,-1.202
9.080,0.659,-1.242
9.084,0.665,-1.308
9.088,0.659,-1.276
9.092,0.675,-1.346
9.096,0.605,-1.163
9.100,0.620,-1.186
9.104,0.594,-1.260
9.108,0.660,-1.251
9.112,0.607,-1.343
9.116,0.637,-1.318
9.120,0.625,-1.219
9.124,0.623,-1.324
9.128,0.686,-1.189
9.132,0.659,-1.261
9.136,0.632,-1.175
9.140,0.591,-1.297
9.144,0.675,-1.246
9.148,0.658,-1.168
9.152,0.633,-1.349
9.156,0.627,-1.310
9.160,0.676,-1.162
9.164,0.609,-1.256
9.168,0.597,-1.315
9.172,0.671,-1.202
9.176,0.617,-1.173
9.180,0.601,-1.174
9.184,0.623,-1.294
9.188,0.651,-1.203
9.192,0.674,-1.273
9.196,0.592,-1.250
9.200,0.673,-1.334
9.204,0.621,-1.304
9.208,0.640,-1.270
9.212,0.676,-1.333
9.216,0.680,-1.352
9.220,0.683,-1.305
9.224,0.678,-1.326
9.228,0.651,-1.343
9.232,0.613,-1.335
9.236,0.690,-1.284
9.240,0.668,-1.327
9.244,0.688,-1.314
9.248,0.670,-1.204
9.252,0.592,-1.244
9.256,0.670,-1.202
9.260,0.670,-1.341
9.264,0.661,-1.298
9.268,0.593,-1.198
9.272,0.631,-1.236
9.276,0.632,-1.175
9.280,0.679,-1.348
9.284,0.645,-1.169
9.288,0.649,-1.192
9.292,0.607,-1.269
9.296,0.591,-1.252
9.300,0.609,-1.206
9.304,0.661,-1.334
9.308,0.669,-1.237
9.312,0.619,-1.252
9.316,0.680,-1.298
9.320,0.618,-1.313
9.324,0.656,-1.331
9.328,0.599,-1.270
9.332,0.638,-1.166
9.336,0.691,-1.333
9.340,0.662,-1.180
9.344,0.643,-1.339
9.348,0.597,-1.317
9.352,0.656,-1.158
9.356,0.603,-1.231
9.360,0.662,-1.287
9.364,0.673,-1.306
9.368,0.650,-1.302
9.372,0.642,-1.329
9.376,0.680,-1.188
9.380,0.593,-1.350
9.384,0.618,-1.294
9.388,0.619,-1.249
9.392,0.594,-1.294
9.396,0.599,-1.264
9.400,0.670,-1.283
9.404,0.658,-1.348
9.408,0.633,-1.281
9.412,0.645,-1.277
9.416,0.605,-1.223
9.420,0.644,-1.236
9.424,0.616,-1.286
9.428,0.617,-1.311
9.432,0.604,-1.288
9.436,0.621,-1.323
9.440,0.675,-1.171
9.444,0.658,-1.184
9.448,0.680,-1.273
9.452,0.686,-1.177
9.456,0.677,-1.254
9.460,0.606,-1.214
9.464,0.652,-1.156
9.468,0.612,-1.203
9.472,0.671,-1.185
9.476,0.645,-1.273
9.480,0.631,-1.299
9.484,0.681,-1.240
9.488,0.637,-1.234
9.492,0.651,-1.194
9.496,0.661,-1.284
9.500,0.672,-1.225
9.504,0.692,-1.312
9.508,0.616,-1.227
9.512,0.645,-1.319
9.516,0.651,-1.161
9.520,0.607,-1.239
9.524,0.690,-1.346
9.528,0.689,-1.176
9.532,0.598,-1.313
9.536,0.692,-1.332
9.540,0.694,-1.265
9.544,0.595,-1.318
9.548,0.640,-1.270
9.552,0.688,-1.164
9.556,0.613,-1.280
9.560,0.600,-1.226
9.564,0.672,-1.185
9.568,0.603,-1.286
9.572,0.602,-1.275
9.576,0.648,-1.328
9.580,0.612,-1.346
9.584,0.640,-1.174
9.588,0.598,-1.233
9.592,0.603,-1.329
9.596,0.621,-1.216
9.600,0.650,-1.263
9.604,0.694,-1.218
9.608,0.627,-1.223
9.612,0.625,-1.210
9.616,0.626,-1.276
9.620,0.602,-1.161
9.624,0.600,-1.247
9.628,0.632,-1.248
9.632,0.628,-1.170
9.636,0.656,-1.233
9.640,0.597,-1.183
9.644,0.640,-1.184
9.648,0.628,-1.329
9.652,0.669,-1.304
9.656,0.696,-1.285
9.660,0.620,-1.207
9.664,0.678,-1.180
9.668,0.662,-1.267
9.672,0.695,-1.200
9.676,0.676,-1.277
9.680,0.601,-1.244
9.684,0.696,-1.285
9.688,0.615,-1.254
9.692,0.618,-1.252
9.696,0.672,-1.308
9.700,0.621,-1.197
9.704,0.660,-1.342
9.708,0.599,-1.171
9.712,0.698,-1.160
9.716,0.601,-1.215
9.720,0.668,-1.262
9.724,0.605,-1.229
9.728,0.629,-1.233
9.732,0.627,-1.253
9.736,0.641,-1.162
9.740,0.684,-1.159
9.744,0.644,-1.198
9.748,0.617,-1.313
9.752,0.657,-1.283
9.756,0.654,-1.305
9.760,0.652,-1.156
9.764,0.637,-1.228
9.768,0.653,-1.294
9.772,0.665,-1.259
9.776,0.681,-1.255
9.780,0.608,-1.340
9.784,0.657,-1.163
9.788,0.681,-1.283
9.792,0.647,-1.294
9.796,0.665,-1.258
9.800,0.694,-1.302
9.804,0.613,-1.299
9.808,0.688,-1.188
9.812,0.608,-1.285
9.816,0.657,-1.230
9.820,0.663,-1.223
9.824,0.659,-1.337
9.828,0.606,-1.339
9.832,0.664,-1.228
9.836,0.659,-1.210
9.840,0.631,-1.272
9.844,0.630,-1.160
9.848,0.699,-1.199
9.852,0.628,-1.211
9.856,0.612,-1.194
9.860,0.617,-1.339
9.864,0.701,-1.241
9.868,0.702,-1.161
9.872,0.681,-1.263
9.876,0.672,-1.189
9.880,0.687,-1.326
9.884,0.650,-1.160
9.888,0.642,-1.243
9.892,0.604,-1.262
9.896,0.616,-1.236
9.900,0.685,-1.338
9.904,0.694,-1.277
9.908,0.687,-1.313
9.912,0.677,-1.207
9.916,0.619,-1.298
9.920,0.676,-1.332
9.924,0.657,-1.348
9.928,0.620,-1.199
9.932,0.620,-1.343
9.936,0.644,-1.233
9.940,0.623,-1.179
9.944,0.674,-1.191
9.948,0.673,-1.308
9.952,0.625,-1.309
9.956,0.649,-1.208
9.960,0.672,-1.171
9.964,0.695,-1.196
9.968,0.678,-1.331
9.972,0.685,-1.161
9.976,0.692,-1.257
9.980,0.608,-1.293
9.984,0.686,-1.292
9.988,0.640,-1.276
9.992,0.627,-1.182
9.996,0.611,-1.183
10.000,0.630,-1.310
10.004,0.695,-1.286
10.008,0.674,-1.215
10.012,0.654,-1.191
10.016,0.685,-1.169
10.020,0.625,-1.285
10.024,0.635,-1.210
10.028,0.618,-1.259
10.032,0.698,-1.191
10.036,0.673,-1.212
10.040,0.661,-1.177
10.044,0.610,-1.273
10.048,0.631,-1.162
10.052,0.610,-1.231
10.056,0.645,-1.324
10.060,0.678,-1.229
10.064,0.643,-1.174
10.068,0.660,-1.286
10.072,0.691,-1.324
10.076,0.653,-1.284
10.080,0.644,-1.195
10.084,0.688,-1.179
10.088,0.640,-1.278
10.092,0.695,-1.225
10.096,0.653,-1.331
10.100,0.662,-1.218
10.104,0.623,-1.295
10.108,0.622,-1.255
10.112,0.646,-1.308
10.116,0.627,-1.246
10.120,0.654,-1.246
10.124,0.701,-1.169
10.128,0.699,-1.349
10.132,0.698,-1.273
10.136,0.633,-1.287
10.140,0.612,-1.226
10.144,0.646,-1.248
10.148,0.695,-1.349
10.152,0.657,-1.352
10.156,0.674,-1.203
10.160,0.644,-1.308
10.164,0.629,-1.285
10.168,0.652,-1.320
10.172,0.661,-1.276
10.176,0.686,-1.229
10.180,0.643,-1.175
10.184,0.657,-1.270
10.188,0.635,-1.334
10.192,0.685,-1.353
10.196,0.635,-1.176
10.200,0.660,-1.174
10.204,0.694,-1.241
10.208,0.689,-1.209
10.212,0.707,-1.292
10.216,0.690,-1.218
10.220,0.620,-1.255
10.224,0.679,-1.300
10.228,0.663,-1.354
10.232,0.708,-1.229
10.236,0.633,-1.291
10.240,0.626,-1.159
10.244,0.651,-1.286
10.248,0.712,-1.268
10.252,0.630,-1.347
10.256,0.665,-1.183
10.260,0.624,-1.208
10.264,0.684,-1.308
10.268,0.658,-1.156
10.272,0.634,-1.303
10.276,0.688,-1.334
10.280,0.674,-1.257
10.284,0.655,-1.318
10.288,0.625,-1.242
10.292,0.689,-1.319
10.296,0.708,-1.287
10.300,0.656,-1.319
10.304,0.632,-1.194
10.308,0.644,-1.189
10.312,0.643,-1.279
10.316,0.684,-1.188
10.320,0.672,-1.337
10.324,0.716,-1.198
10.328,0.664,-1.335
10.332,0.685,-1.278
10.336,0.651,-1.306
10.340,0.717,-1.346
10.344,0.690,-1.183
10.348,0.651,-1.161
10.352,0.644,-1.306
10.356,0.704,-1.242
10.360,0.622,-1.324
10.364,0.657,-1.312
10.368,0.690,-1.272
10.372,0.631,-1.174
10.376,0.696,-1.290
10.380,0.622,-1.236
10.384,0.627,-1.190
10.388,0.679,-1.311
10.392,0.680,-1.283
10.396,0.691,-1.211
10.400,0.704,-1.277
10.404,0.718,-1.312
10.408,0.640,-1.158
10.412,0.692,-1.308
10.416,0.643,-1.203
10.420,0.673,-1.312
10.424,0.657,-1.355
10.428,0.634,-1.261
10.432,0.652,-1.217
10.436,0.642,-1.173
10.440,0.718,-1.351
10.444,0.682,-1.335
10.448,0.677,-1.256
10.452,0.699,-1.313
10.456,0.694,-1.274
10.460,0.660,-1.349
10.464,0.683,-1.295
10.468,0.651,-1.221
10.472,0.653,-1.166
10.476,0.664,-1.190
10.480,0.631,-1.348
10.484,0.650,-1.337
10.488,0.696,-1.164
10.492,0.714,-1.194
10.496,0.721,-1.257
10.500,0.666,-1.204
10.504,0.708,-1.356
10.508,0.648,-1.234
10.512,0.698,-1.185
10.516,0.720,-1.344
10.520,0.666,-1.251
10.524,0.648,-1.312
10.528,0.635,-1.263
10.532,0.671,-1.350
10.536,0.701,-1.329
10.540,0.712,-1.193
10.544,0.726,-1.203
10.548,0.636,-1.321
10.552,0.718,-1.275
10.556,0.682,-1.180
10.560,0.646,-1.222
10.564,0.656,-1.270
10.568,0.660,-1.252
10.572,0.678,-1.202
10.576,0.707,-1.229
10.580,0.639,-1.312
10.584,0.635,-1.272
10.588,0.698,-1.187
10.592,0.706,-1.229
10.596,0.666,-1.164
10.600,0.685,-1.225
10.604,0.687,-1.163
10.608,0.645,-1.225
10.612,0.683,-1.266
10.616,0.668,-1.232
10.620,0.700,-1.159
10.624,0.689,-1.299
10.628,0.667,-1.291
10.632,0.721,-1.181
10.636,0.659,-1.337
10.640,0.662,-1.255
10.644,0.695,-1.299
10.648,0.692,-1.182
10.652,0.712,-1.319
10.656,0.716,-1.256
10.660,0.645,-1.159
10.664,0.709,-1.283
10.668,0.714,-1.180
10.672,0.649,-1.195
10.676,0.643,-1.183
10.680,0.705,-1.254
10.684,0.685,-1.310
10.688,0.679,-1.256
10.692,0.634,-1.307
10.696,0.717,-1.351
10.700,0.732,-1.306
10.704,0.662,-1.201
10.708,0.648,-1.275
10.712,0.714,-1.313
10.716,0.659,-1.277
10.720,0.642,-1.332
10.724,0.637,-1.290
10.728,0.703,-1.299
10.732,0.726,-1.196
10.736,0.712,-1.286
10.740,0.724,-1.226
10.744,0.723,-1.259
10.748,0.710,-1.287
10.752,0.697,-1.278
10.756,0.636,-1.327
10.760,0.693,-1.257
10.764,0.708,-1.342
10.768,0.688,-1.222
10.772,0.736,-1.302
10.776,0.696,-1.248
10.780,0.694,-1.277
10.784,0.692,-1.357
10.788,0.719,-1.214
10.792,0.646,-1.282
10.796,0.718,-1.279
10.800,0.657,-1.295
10.804,0.724,-1.194
10.808,0.681,-1.333
10.812,0.710,-1.323
10.816,0.656,-1.308
10.820,0.658,-1.230
10.824,0.738,-1.192
10.828,0.721,-1.237
10.832,0.724,-1.162
10.836,0.664,-1.325
10.840,0.727,-1.312
10.844,0.644,-1.211
10.848,0.652,-1.226
10.852,0.706,-1.306
10.856,0.739,-1.291
10.860,0.736,-1.299
10.864,0.647,-1.221
10.868,0.641,-1.170
10.872,0.691,-1.180
10.876,0.702,-1.283
10.880,0.715,-1.333
10.884,0.735,-1.246
10.888,0.704,-1.346
10.892,0.699,-1.275
10.896,0.704,-1.277
10.900,0.666,-1.318
10.904,0.701,-1.164
10.908,0.729,-1.284
10.912,0.653,-1.330
10.916,0.730,-1.230
10.920,0.687,-1.288
10.924,0.670,-1.336
10.928,0.710,-1.324
10.932,0.711,-1.289
10.936,0.741,-1.352
10.940,0.735,-1.192
10.944,0.682,-1.244
10.948,0.692,-1.231
10.952,0.671,-1.280
10.956,0.708,-1.355
10.960,0.668,-1.162
10.964,0.654,-1.170
10.968,0.684,-1.318
10.972,0.671,-1.330
10.976,0.709,-1.233
10.980,0.714,-1.255
10.984,0.736,-1.318
10.988,0.657,-1.359
10.992,0.703,-1.291
10.996,0.727,-1.296
11.000,0.660,-1.303
11.004,0.738,-1.184
11.008,0.650,-1.358
11.012,0.729,-1.248
11.016,0.657,-1.313
11.020,0.709,-1.196
11.024,0.678,-1.286
11.028,0.701,-1.333
11.032,0.676,-1.258
11.036,0.733,-1.257
11.040,0.714,-1.235
11.044,0.690,-1.252
11.048,0.693,-1.308
11.052,0.690,-1.342
11.056,0.748,-1.172
11.060,0.750,-1.305
11.064,0.713,-1.229
11.068,0.662,-1.166
11.072,0.668,-1.233
11.076,0.706,-1.166
11.080,0.692,-1.320
11.084,0.702,-1.296
11.088,0.708,-1.270
11.092,0.682,-1.336
11.096,0.723,-1.227
11.100,0.672,-1.328
11.104,0.752,-1.166
11.108,0.672,-1.347
11.112,0.653,-1.213
11.116,0.677,-1.214
11.120,0.666,-1.257
11.124,0.655,-1.248
11.128,0.676,-1.289
11.132,0.712,-1.241
11.136,0.665,-1.299
11.140,0.669,-1.300
11.144,0.667,-1.244
11.148,0.745,-1.311
11.152,0.754,-1.266
11.156,0.693,-1.311
11.160,0.740,-1.309
11.164,0.733,-1.316
11.168,0.694,-1.181
11.172,0.717,-1.251
11.176,0.713,-1.296
11.180,0.727,-1.214
11.184,0.748,-1.244
11.188,0.738,-1.188
11.192,0.723,-1.192
11.196,0.717,-1.175
11.200,0.706,-1.300
11.204,0.683,-1.290
11.208,0.677,-1.332
11.212,0.723,-1.200
11.216,0.688,-1.220
11.220,0.676,-1.293
11.224,0.748,-1.311
11.228,0.683,-1.300
11.232,0.664,-1.206
11.236,0.733,-1.273
11.240,0.685,-1.318
11.244,0.687,-1.316
11.248,0.727,-1.207
11.252,0.696,-1.257
11.256,0.732,-1.298
11.260,0.663,-1.287
11.264,0.721,-1.223
11.268,0.665,-1.231
11.272,0.704,-1.342
11.276,0.745,-1.241
11.280,0.695,-1.252
11.284,0.686,-1.316
11.288,0.744,-1.185
11.292,0.701,-1.185
11.296,0.739,-1.317
11.300,0.713,-1.314
11.304,0.716,-1.347
11.308,0.745,-1.326
11.312,0.673,-1.246
11.316,0.747,-1.283
11.320,0.674,-1.332
11.324,0.683,-1.323
11.328,0.687,-1.284
11.332,0.691,-1.300
11.336,0.700,-1.202
11.340,0.669,-1.354
11.344,0.677,-1.284
11.348,0.748,-1.247
11.352,0.679,-1.223
11.356,0.735,-1.324
11.360,0.710,-1.168
11.364,0.669,-1.353
11.368,0.686,-1.213
11.372,0.733,-1.226
11.376,0.728,-1.271
11.380,0.701,-1.289
11.384,0.760,-1.255
11.388,0.764,-1.314
11.392,0.679,-1.239
11.396,0.737,-1.207
11.400,0.747,-1.182
11.404,0.729,-1.175
11.408,0.703,-1.226
11.412,0.676,-1.270
11.416,0.707,-1.302
11.420,0.754,-1.289
11.424,0.707,-1.259
11.428,0.704,-1.175
11.432,0.730,-1.283
11.436,0.767,-1.179
11.440,0.747,-1.352
11.444,0.698,-1.285
11.448,0.711,-1.310
11.452,0.701,-1.265
11.456,0.677,-1.312
11.460,0.689,-1.260
11.464,0.697,-1.282
11.468,0.726,-1.289
11.472,0.752,-1.356
11.476,0.752,-1.178
11.480,0.714,-1.311
11.484,0.743,-1.198
11.488,0.675,-1.333
11.492,0.705,-1.183
11.496,0.755,-1.234
11.500,0.764,-1.189
11.504,0.762,-1.205
11.508,0.676,-1.214
11.512,0.766,-1.220
11.516,0.674,-1.180
11.520,0.715,-1.305
11.524,0.691,-1.212
11.528,0.768,-1.219
11.532,0.741,-1.187
11.536,0.740,-1.362
11.540,0.701,-1.258
11.544,0.688,-1.211
11.548,0.716,-1.284
11.552,0.721,-1.274
11.556,0.724,-1.250
11.560,0.738,-1.253
11.564,0.721,-1.364
11.568,0.741,-1.364
11.572,0.771,-1.226
11.576,0.746,-1.331
11.580,0.698,-1.266
11.584,0.715,-1.195
11.588,0.742,-1.273
11.592,0.737,-1.266
11.596,0.692,-1.172
11.600,0.714,-1.168
11.604,0.761,-1.191
11.608,0.758,-1.274
11.612,0.682,-1.327
11.616,0.708,-1.343
11.620,0.721,-1.182
11.624,0.739,-1.191
11.628,0.714,-1.235
11.632,0.684,-1.295
11.636,0.760,-1.306
11.640,0.704,-1.306
11.644,0.781,-1.328
11.648,0.721,-1.237
11.652,0.684,-1.273
11.656,0.748,-1.296
11.660,0.696,-1.223
11.664,0.685,-1.174
11.668,0.684,-1.184
11.672,0.734,-1.200
11.676,0.754,-1.204
11.680,0.783,-1.283
11.684,0.702,-1.335
11.688,0.738,-1.283
11.692,0.705,-1.323
11.696,0.758,-1.217
11.700,0.779,-1.204
11.704,0.723,-1.229
11.708,0.720,-1.198
11.712,0.743,-1.201
11.716,0.757,-1.303
11.720,0.696,-1.202
11.724,0.732,-1.257
11.728,0.714,-1.350
11.732,0.701,-1.264
11.736,0.766,-1.270
11.740,0.706,-1.184
11.744,0.768,-1.362
11.748,0.698,-1.260
11.752,0.770,-1.214
11.756,0.774,-1.301
11.760,0.726,-1.288
11.764,0.755,-1.295
11.768,0.720,-1.230
11.772,0.762,-1.192
11.776,0.713,-1.171
11.780,0.694,-1.325
11.784,0.714,-1.334
11.788,0.783,-1.308
11.792,0.697,-1.302
11.796,0.767,-1.192
11.800,0.702,-1.281
11.804,0.701,-1.230
11.808,0.754,-1.258
11.812,0.786,-1.253
11.816,0.711,-1.295
11.820,0.739,-1.322
11.824,0.711,-1.177
11.828,0.788,-1.243
11.832,0.726,-1.189
11.836,0.710,-1.240
11.840,0.733,-1.258
11.844,0.746,-1.315
11.848,0.748,-1.289
11.852,0.758,-1.229
11.856,0.774,-1.215
11.860,0.700,-1.278
11.864,0.744,-1.206
11.868,0.742,-1.239
11.872,0.764,-1.282
11.876,0.708,-1.244
11.880,0.764,-1.344
11.884,0.735,-1.351
11.888,0.781,-1.217
11.892,0.702,-1.358
11.896,0.738,-1.239
11.900,0.767,-1.284
11.904,0.761,-1.328
11.908,0.773,-1.305
11.912,0.763,-1.262
11.916,0.766,-1.185
11.920,0.732,-1.203
11.924,0.721,-1.198
11.928,0.795,-1.203
11.932,0.739,-1.258
11.936,0.790,-1.293
11.940,0.710,-1.241
11.944,0.779,-1.268
11.948,0.723,-1.345
11.952,0.768,-1.249
11.956,0.748,-1.257
11.960,0.750,-1.268
11.964,0.724,-1.354
11.968,0.757,-1.237
11.972,0.756,-1.290
11.976,0.715,-1.320
11.980,0.771,-1.280
11.984,0.726,-1.224
11.988,0.713,-1.210
11.992,0.753,-1.257
11.996,0.793,-1.245
12.000,0.797,-1.231
12.004,0.716,-1.295
12.008,0.753,-1.368
12.012,0.754,-1.291
12.016,0.724,-1.367
12.020,0.728,-1.305
12.024,0.761,-1.218
12.028,0.785,-1.259
12.032,0.755,-1.295
12.036,0.719,-1.175
12.040,0.768,-1.353
12.044,0.766,-1.342
12.048,0.746,-1.368
12.052,0.744,-1.178
12.056,0.754,-1.325
12.060,0.745,-1.192
12.064,0.737,-1.236
12.068,0.769,-1.324
12.072,0.804,-1.271
12.076,0.736,-1.175
12.080,0.733,-1.300
12.084,0.739,-1.216
12.088,0.759,-1.351
12.092,0.790,-1.337
12.096,0.741,-1.257
12.100,0.802,-1.187
12.104,0.744,-1.206
12.108,0.801,-1.360
12.112,0.766,-1.326
12.116,0.725,-1.269
12.120,0.718,-1.288
12.124,0.718,-1.343
12.128,0.781,-1.182
12.132,0.792,-1.358
12.136,0.808,-1.349
12.140,0.740,-1.339
12.144,0.802,-1.276
12.148,0.752,-1.200
12.152,0.752,-1.318
12.156,0.742,-1.175
12.160,0.807,-1.338
12.164,0.737,-1.348
12.168,0.741,-1.324
12.172,0.781,-1.276
12.176,0.794,-1.340
12.180,0.751,-1.337
12.184,0.777,-1.344
12.188,0.808,-1.314
12.192,0.794,-1.182
12.196,0.812,-1.302
12.200,0.808,-1.329
12.204,0.733,-1.340
12.208,0.790,-1.176
12.212,0.807,-1.296
12.216,0.799,-1.259
12.220,0.715,-1.259
12.224,0.804,-1.253
12.228,0.797,-1.292
12.232,0.784,-1.267
12.236,0.737,-1.224
12.240,0.721,-1.188
12.244,0.813,-1.267
12.248,0.816,-1.318
12.252,0.761,-1.339
12.256,0.804,-1.224
12.260,0.772,-1.204
12.264,0.796,-1.225
12.268,0.725,-1.213
12.272,0.804,-1.271
12.276,0.730,-1.256
12.280,0.737,-1.222
12.284,0.814,-1.357
12.288,0.759,-1.253
12.292,0.800,-1.212
12.296,0.783,-1.180
12.300,0.783,-1.308
12.304,0.789,-1.358
12.308,0.738,-1.365
12.312,0.725,-1.339
12.316,0.766,-1.215
12.320,0.752,-1.367
12.324,0.789,-1.186
12.328,0.809,-1.305
12.332,0.759,-1.188
12.336,0.775,-1.265
12.340,0.754,-1.181
12.344,0.767,-1.205
12.348,0.731,-1.275
12.352,0.768,-1.356
12.356,0.805,-1.366
12.360,0.813,-1.286
12.364,0.805,-1.295
12.368,0.776,-1.290
12.372,0.736,-1.265
12.376,0.759,-1.349
12.380,0.750,-1.260
12.384,0.787,-1.283
12.388,0.736,-1.332
12.392,0.760,-1.209
12.396,0.806,-1.342
12.400,0.747,-1.239
12.404,0.785,-1.228
12.408,0.812,-1.319
12.412,0.788,-1.351
12.416,0.754,-1.365
12.420,0.809,-1.222
12.424,0.789,-1.283
12.428,0.728,-1.218
12.432,0.742,-1.313
12.436,0.739,-1.312
12.440,0.739,-1.272
12.444,0.778,-1.209
12.448,0.763,-1.182
12.452,0.807,-1.302
12.456,0.797,-1.247
12.460,0.751,-1.340
12.464,0.763,-1.283
12.468,0.759,-1.215
12.472,0.756,-1.295
12.476,0.823,-1.270
12.480,0.820,-1.296
12.484,0.775,-1.347
12.488,0.778,-1.178
12.492,0.793,-1.240
12.496,0.790,-1.287
12.500,0.763,-1.197
12.504,0.784,-1.207
12.508,0.826,-1.356
12.512,0.743,-1.221
12.516,0.764,-1.289
12.520,0.803,-1.342
12.524,0.765,-1.355
12.528,0.811,-1.298
12.532,0.755,-1.277
12.536,0.760,-1.173
12.540,0.807,-1.196
12.544,0.780,-1.346
12.548,0.817,-1.282
12.552,0.739,-1.340
12.556,0.773,-1.208
12.560,0.752,-1.228
12.564,0.737,-1.265
12.568,0.758,-1.273
12.572,0.834,-1.289
12.576,0.787,-1.240
12.580,0.776,-1.341
12.584,0.803,-1.297
12.588,0.750,-1.288
12.592,0.760,-1.353
12.596,0.813,-1.257
12.600,0.762,-1.252
12.604,0.744,-1.180
12.608,0.827,-1.274
12.612,0.763,-1.354
12.616,0.746,-1.266
12.620,0.830,-1.281
12.624,0.802,-1.226
12.628,0.786,-1.176
12.632,0.828,-1.254
12.636,0.743,-1.211
12.640,0.754,-1.260
12.644,0.794,-1.309
12.648,0.831,-1.313
12.652,0.834,-1.288
12.656,0.805,-1.267
12.660,0.803,-1.213
12.664,0.775,-1.307
12.668,0.835,-1.265
12.672,0.764,-1.258
12.676,0.774,-1.302
12.680,0.744,-1.204
12.684,0.765,-1.177
12.688,0.829,-1.268
12.692,0.751,-1.279
12.696,0.754,-1.310
12.700,0.815,-1.260
12.704,0.760,-1.278
12.708,0.796,-1.245
12.712,0.811,-1.373
12.716,0.824,-1.346
12.720,0.819,-1.207
12.724,0.771,-1.183
12.728,0.798,-1.242
12.732,0.831,-1.318
12.736,0.769,-1.309
12.740,0.789,-1.305
12.744,0.844,-1.302
12.748,0.756,-1.251
12.752,0.844,-1.366
12.756,0.840,-1.365
12.760,0.782,-1.188
12.764,0.806,-1.245
12.768,0.796,-1.210
12.772,0.748,-1.333
12.776,0.792,-1.344
12.780,0.761,-1.231
12.784,0.839,-1.178
12.788,0.808,-1.341
12.792,0.818,-1.175
12.796,0.785,-1.217
12.800,0.847,-1.248
12.804,0.765,-1.316
12.808,0.755,-1.238
12.812,0.817,-1.246
12.816,0.784,-1.314
12.820,0.791,-1.262
12.824,0.796,-1.227
12.828,0.809,-1.291
12.832,0.752,-1.255
12.836,0.800,-1.357
12.840,0.820,-1.228
12.844,0.754,-1.305
12.848,0.782,-1.339
12.852,0.805,-1.229
12.856,0.834,-1.259
12.860,0.844,-1.371
12.864,0.772,-1.254
12.868,0.852,-1.325
12.872,0.843,-1.226
12.876,0.792,-1.223
12.880,0.816,-1.338
12.884,0.810,-1.279
12.888,0.820,-1.230
12.892,0.800,-1.330
12.896,0.849,-1.370
12.900,0.755,-1.245
12.904,0.850,-1.297
12.908,0.758,-1.302
12.912,0.836,-1.352
12.916,0.812,-1.222
12.920,0.842,-1.220
12.924,0.762,-1.308
12.928,0.784,-1.241
12.932,0.857,-1.283
12.936,0.856,-1.216
12.940,0.821,-1.293
12.944,0.766,-1.306
12.948,0.767,-1.194
12.952,0.810,-1.201
12.956,0.809,-1.355
12.960,0.848,-1.221
12.964,0.840,-1.318
12.968,0.838,-1.239
12.972,0.784,-1.367
12.976,0.825,-1.348
12.980,0.812,-1.249
12.984,0.804,-1.339
12.988,0.779,-1.333
12.992,0.766,-1.337
12.996,0.853,-1.359
13.000,0.795,-1.220
13.004,0.831,-1.239
13.008,0.851,-1.242
13.012,0.773,-1.273
13.016,0.855,-1.306
13.020,0.841,-1.236
13.024,0.804,-1.211
13.028,0.794,-1.248
13.032,0.819,-1.314
13.036,0.835,-1.334
13.040,0.780,-1.343
13.044,0.774,-1.271
13.048,0.804,-1.263
13.052,0.818,-1.259
13.056,0.844,-1.176
13.060,0.778,-1.278
13.064,0.778,-1.207
13.068,0.830,-1.371
13.072,0.788,-1.295
13.076,0.767,-1.295
13.080,0.781,-1.355
13.084,0.772,-1.365
13.088,0.786,-1.367
13.092,0.766,-1.180
13.096,0.818,-1.183
13.100,0.859,-1.371
13.104,0.863,-1.271
13.108,0.798,-1.224
13.112,0.843,-1.217
13.116,0.778,-1.187
13.120,0.797,-1.351
13.124,0.770,-1.231
13.128,0.815,-1.352
13.132,0.769,-1.201
13.136,0.769,-1.280
13.140,0.772,-1.295
13.144,0.828,-1.215
13.148,0.809,-1.339
13.152,0.858,-1.340
13.156,0.844,-1.303
13.160,0.820,-1.354
13.164,0.781,-1.297
13.168,0.839,-1.362
13.172,0.863,-1.189
13.176,0.863,-1.181
13.180,0.816,-1.289
13.184,0.817,-1.327
13.188,0.814,-1.219
13.192,0.776,-1.231
13.196,0.794,-1.254
13.200,0.838,-1.193
13.204,0.842,-1.275
13.208,0.797,-1.186
13.212,0.794,-1.345
13.216,0.796,-1.294
13.220,0.779,-1.198
13.224,0.806,-1.188
13.228,0.812,-1.277
13.232,0.799,-1.216
13.236,0.827,-1.262
13.240,0.814,-1.311
13.244,0.856,-1.194
13.248,0.859,-1.197
13.252,0.841,-1.256
13.256,0.832,-1.363
13.260,0.829,-1.294
13.264,0.862,-1.375
13.268,0.854,-1.287
13.272,0.797,-1.256
13.276,0.827,-1.297
13.280,0.798,-1.312
13.284,0.790,-1.286
13.288,0.830,-1.185
13.292,0.797,-1.288
13.296,0.818,-1.208
13.300,0.812,-1.316
13.304,0.812,-1.274
13.308,0.852,-1.193
13.312,0.809,-1.217
13.316,0.819,-1.349
13.320,0.836,-1.182
13.324,0.789,-1.364
13.328,0.873,-1.254
13.332,0.783,-1.229
13.336,0.821,-1.223
13.340,0.858,-1.262
13.344,0.877,-1.187
13.348,0.801,-1.357
13.352,0.848,-1.300
13.356,0.839,-1.322
13.360,0.859,-1.309
13.364,0.830,-1.275
13.368,0.857,-1.370
13.372,0.821,-1.227
13.376,0.826,-1.215
13.380,0.796,-1.197
13.384,0.795,-1.194
13.388,0.831,-1.372
13.392,0.853,-1.183
13.396,0.845,-1.326
13.400,0.813,-1.218
13.404,0.864,-1.233
13.408,0.829,-1.225
13.412,0.870,-1.349
13.416,0.818,-1.183
13.420,0.828,-1.311
13.424,0.872,-1.202
13.428,0.828,-1.293
13.432,0.860,-1.324
13.436,0.850,-1.216
13.440,0.844,-1.239
13.444,0.822,-1.227
13.448,0.835,-1.373
13.452,0.863,-1.259
13.456,0.791,-1.277
13.460,0.879,-1.308
13.464,0.856,-1.203
13.468,0.805,-1.286
13.472,0.795,-1.213
13.476,0.856,-1.206
13.480,0.847,-1.213
13.484,0.857,-1.309
13.488,0.856,-1.271
13.492,0.804,-1.271
13.496,0.812,-1.352
13.500,0.853,-1.349
13.504,0.810,-1.285
13.508,0.843,-1.189
13.512,0.871,-1.362
13.516,0.833,-1.344
13.520,0.842,-1.305
13.524,0.858,-1.202
13.528,0.851,-1.333
13.532,0.889,-1.204
13.536,0.814,-1.361
13.540,0.818,-1.197
13.544,0.851,-1.212
13.548,0.815,-1.323
13.552,0.884,-1.207
13.556,0.856,-1.306
13.560,0.859,-1.209
13.564,0.826,-1.205
13.568,0.816,-1.355
13.572,0.819,-1.366
13.576,0.890,-1.273
13.580,0.816,-1.371
13.584,0.816,-1.233
13.588,0.858,-1.304
13.592,0.841,-1.372
13.596,0.859,-1.338
13.600,0.850,-1.224
13.604,0.828,-1.319
13.608,0.835,-1.259
13.612,0.840,-1.319
13.616,0.832,-1.268
13.620,0.796,-1.325
13.624,0.892,-1.227
13.628,0.865,-1.184
13.632,0.883,-1.298
13.636,0.821,-1.261
13.640,0.866,-1.353
13.644,0.862,-1.176
13.648,0.876,-1.307
13.652,0.827,-1.207
13.656,0.860,-1.249
13.660,0.816,-1.295
13.664,0.802,-1.345
13.668,0.816,-1.342
13.672,0.854,-1.323
13.676,0.847,-1.345
13.680,0.889,-1.281
13.684,0.829,-1.186
13.688,0.864,-1.267
13.692,0.862,-1.196
13.696,0.820,-1.314
13.700,0.871,-1.201
13.704,0.858,-1.342
13.708,0.886,-1.270
13.712,0.892,-1.341
13.716,0.897,-1.320
13.720,0.874,-1.296
13.724,0.816,-1.215
13.728,0.875,-1.324
13.732,0.854,-1.260
13.736,0.865,-1.287
13.740,0.814,-1.338
13.744,0.845,-1.197
13.748,0.844,-1.368
13.752,0.852,-1.364
13.756,0.842,-1.201
13.760,0.822,-1.231
13.764,0.865,-1.324
13.768,0.813,-1.206
13.772,0.858,-1.267
13.776,0.841,-1.264
13.780,0.880,-1.253
13.784,0.899,-1.359
13.788,0.869,-1.316
13.792,0.870,-1.259
13.796,0.829,-1.246
13.800,0.884,-1.178
13.804,0.856,-1.366
13.808,0.804,-1.373
13.812,0.848,-1.242
13.816,0.829,-1.313
13.820,0.865,-1.284
13.824,0.883,-1.356
13.828,0.884,-1.197
13.832,0.837,-1.223
13.836,0.808,-1.308
13.840,0.823,-1.198
13.844,0.829,-1.226
13.848,0.878,-1.274
13.852,0.813,-1.201
13.856,0.896,-1.266
13.860,0.859,-1.187
13.864,0.876,-1.324
13.868,0.897,-1.240
13.872,0.887,-1.206
13.876,0.840,-1.205
13.880,0.882,-1.354
13.884,0.906,-1.233
13.888,0.883,-1.335
13.892,0.817,-1.237
13.896,0.872,-1.223
13.900,0.816,-1.200
13.904,0.861,-1.286
13.908,0.823,-1.241
13.912,0.878,-1.215
13.916,0.850,-1.242
13.920,0.863,-1.263
13.924,0.838,-1.348
13.928,0.861,-1.175
13.932,0.854,-1.240
13.936,0.865,-1.197
13.940,0.908,-1.296
13.944,0.906,-1.300
13.948,0.810,-1.233
13.952,0.820,-1.266
13.956,0.907,-1.304
13.960,0.811,-1.374
13.964,0.854,-1.192
13.968,0.851,-1.218
13.972,0.834,-1.202
13.976,0.876,-1.251
13.980,0.850,-1.322
13.984,0.812,-1.186
13.988,0.853,-1.248
13.992,0.840,-1.193
13.996,0.900,-1.186
14.000,0.891,-1.318
14.004,0.884,-1.323
14.008,0.854,-1.330
14.012,0.852,-1.308
14.016,0.814,-1.334
14.020,0.846,-1.349
14.024,0.841,-1.373
14.028,0.859,-1.201
14.032,0.865,-1.196
14.036,0.882,-1.353
14.040,0.894,-1.296
14.044,0.861,-1.189
14.048,0.897,-1.267
14.052,0.815,-1.294
14.056,0.902,-1.207
14.060,0.828,-1.315
14.064,0.832,-1.374
14.068,0.913,-1.295
14.072,0.853,-1.189
14.076,0.887,-1.200
14.080,0.870,-1.185
14.084,0.852,-1.321
14.088,0.896,-1.289
14.092,0.882,-1.334
14.096,0.834,-1.270
14.100,0.851,-1.361
14.104,0.831,-1.373
14.108,0.902,-1.184
14.112,0.910,-1.203
14.116,0.875,-1.221
14.120,0.915,-1.246
14.124,0.865,-1.214
14.128,0.873,-1.207
14.132,0.894,-1.342
14.136,0.907,-1.369
14.140,0.853,-1.195
14.144,0.856,-1.227
14.148,0.883,-1.306
14.152,0.914,-1.245
14.156,0.867,-1.298
14.160,0.871,-1.269
14.164,0.913,-1.283
14.168,0.902,-1.218
14.172,0.897,-1.285
14.176,0.847,-1.184
14.180,0.824,-1.340
14.184,0.883,-1.319
14.188,0.824,-1.367
14.192,0.856,-1.183
14.196,0.910,-1.354
14.200,0.882,-1.246
14.204,0.838,-1.350
14.208,0.830,-1.227
14.212,0.896,-1.253
14.216,0.822,-1.262
14.220,0.917,-1.322
14.224,0.910,-1.363
14.228,0.917,-1.325
14.232,0.909,-1.352
14.236,0.851,-1.238
14.240,0.849,-1.336
14.244,0.845,-1.194
14.248,0.897,-1.309
14.252,0.888,-1.337
14.256,0.834,-1.181
14.260,0.832,-1.218
14.264,0.884,-1.249
14.268,0.908,-1.353
14.272,0.920,-1.370
14.276,0.880,-1.201
14.280,0.902,-1.296
14.284,0.828,-1.188
14.288,0.890,-1.197
14.292,0.883,-1.333
14.296,0.832,-1.205
14.300,0.906,-1.353
14.304,0.878,-1.329
14.308,0.834,-1.348
14.312,0.864,-1.368
14.316,0.917,-1.278
14.320,0.855,-1.352
14.324,0.846,-1.245
14.328,0.832,-1.284
14.332,0.836,-1.265
14.336,0.828,-1.351
14.340,0.896,-1.361
14.344,0.851,-1.356
14.348,0.838,-1.172
14.352,0.921,-1.356
14.356,0.911,-1.365
14.360,0.916,-1.255
14.364,0.881,-1.365
14.368,0.861,-1.186
14.372,0.866,-1.216
14.376,0.888,-1.357
14.380,0.859,-1.355
14.384,0.854,-1.230
14.388,0.832,-1.241
14.392,0.924,-1.321
14.396,0.875,-1.318
14.400,0.913,-1.280
14.404,0.869,-1.328
14.408,0.845,-1.321
14.412,0.849,-1.346
14.416,0.911,-1.307
14.420,0.835,-1.182
14.424,0.907,-1.224
14.428,0.872,-1.204
14.432,0.909,-1.362
14.436,0.836,-1.360
14.440,0.906,-1.330
14.444,0.832,-1.328
14.448,0.884,-1.329
14.452,0.830,-1.253
14.456,0.899,-1.344
14.460,0.901,-1.304
14.464,0.917,-1.290
14.468,0.840,-1.216
14.472,0.842,-1.225
14.476,0.903,-1.322
14.480,0.889,-1.293
14.484,0.889,-1.209
14.488,0.874,-1.365
14.492,0.851,-1.193
14.496,0.889,-1.303
14.500,0.852,-1.185
14.504,0.928,-1.364
14.508,0.870,-1.322
14.512,0.884,-1.223
14.516,0.904,-1.290
14.520,0.882,-1.267
14.524,0.908,-1.185
14.528,0.904,-1.319
14.532,0.831,-1.172
14.536,0.848,-1.282
14.540,0.834,-1.370
14.544,0.863,-1.305
14.548,0.923,-1.359
14.552,0.883,-1.360
14.556,0.917,-1.177
14.560,0.882,-1.310
14.564,0.910,-1.186
14.568,0.843,-1.315
14.572,0.923,-1.214
14.576,0.894,-1.368
14.580,0.845,-1.369
14.584,0.884,-1.283
14.588,0.896,-1.288
14.592,0.862,-1.179
14.596,0.894,-1.347
14.600,0.881,-1.326
14.604,0.888,-1.348
14.608,0.881,-1.202
14.612,0.903,-1.344
14.616,0.885,-1.330
14.620,0.907,-1.358
14.624,0.850,-1.175
14.628,0.882,-1.318
14.632,0.835,-1.367
14.636,0.916,-1.311
14.640,0.915,-1.247
14.644,0.896,-1.319
14.648,0.874,-1.349
14.652,0.864,-1.273
14.656,0.930,-1.341
14.660,0.900,-1.216
14.664,0.891,-1.211
14.668,0.902,-1.271
14.672,0.909,-1.177
14.676,0.886,-1.325
14.680,0.910,-1.274
14.684,0.871,-1.314
14.688,0.857,-1.302
14.692,0.896,-1.192
14.696,0.881,-1.323
14.700,0.864,-1.316
14.704,0.880,-1.207
14.708,0.863,-1.285
14.712,0.933,-1.171
14.716,0.935,-1.310
14.720,0.886,-1.193
14.724,0.853,-1.304
14.728,0.848,-1.217
14.732,0.871,-1.358
14.736,0.870,-1.201
14.740,0.838,-1.293
14.744,0.924,-1.210
14.748,0.932,-1.283
14.752,0.905,-1.288
14.756,0.867,-1.351
14.760,0.871,-1.345
14.764,0.869,-1.180
14.768,0.840,-1.301
14.772,0.863,-1.184
14.776,0.847,-1.223
14.780,0.915,-1.345
14.784,0.894,-1.173
14.788,0.929,-1.197
14.792,0.867,-1.323
14.796,0.893,-1.176
14.800,0.840,-1.208
14.804,0.898,-1.278
14.808,0.908,-1.305
14.812,0.841,-1.263
14.816,0.907,-1.227
14.820,0.932,-1.352
14.824,0.843,-1.204
14.828,0.903,-1.193
14.832,0.897,-1.361
14.836,0.859,-1.349
14.840,0.920,-1.358
14.844,0.907,-1.332
14.848,0.872,-1.329
14.852,0.857,-1.187
14.856,0.846,-1.328
14.860,0.857,-1.204
14.864,0.862,-1.351
14.868,0.871,-1.340
14.872,0.912,-1.179
14.876,0.878,-1.231
14.880,0.856,-1.250
14.884,0.851,-1.321
14.888,0.853,-1.305
14.892,0.935,-1.260
14.896,0.849,-1.228
14.900,0.851,-1.196
14.904,0.934,-1.228
14.908,0.886,-1.361
14.912,0.869,-1.322
14.916,0.870,-1.342
14.920,0.925,-1.289
14.924,0.867,-1.240
14.928,0.932,-1.182
14.932,0.866,-1.207
14.936,0.928,-1.229
14.940,0.923,-1.274
14.944,0.878,-1.182
14.948,0.938,-1.350
14.952,0.922,-1.228
14.956,0.909,-1.315
14.960,0.851,-1.170
14.964,0.913,-1.337
14.968,0.868,-1.181
14.972,0.854,-1.189
14.976,0.925,-1.287
14.980,0.877,-1.297
14.984,0.878,-1.200
14.988,0.906,-1.316
14.992,0.902,-1.302
14.996,0.910,-1.278
15.000,0.904,-1.334
15.004,0.850,-1.247
15.008,0.852,-1.273
15.012,0.918,-1.171
15.016,0.870,-1.269
15.020,0.883,-1.239
15.024,0.857,-1.262
15.028,0.906,-1.240
15.032,0.887,-1.353
15.036,0.910,-1.235
15.040,0.935,-1.285
15.044,0.923,-1.237
15.048,0.886,-1.245
15.052,0.871,-1.163
15.056,0.851,-1.229
15.060,0.903,-1.305
15.064,0.932,-1.224
15.068,0.897,-1.245
15.072,0.881,-1.359
15.076,0.861,-1.214
15.080,0.939,-1.244
15.084,0.869,-1.276
15.088,0.861,-1.302
15.092,0.879,-1.224
15.096,0.869,-1.193
15.100,0.861,-1.321
15.104,0.931,-1.309
15.108,0.887,-1.290
15.112,0.934,-1.207
15.116,0.944,-1.326
15.120,0.922,-1.361
15.124,0.900,-1.164
15.128,0.850,-1.303
15.132,0.911,-1.344
15.136,0.856,-1.303
15.140,0.857,-1.290
15.144,0.881,-1.170
15.148,0.942,-1.247
15.152,0.880,-1.182
15.156,0.850,-1.328
15.160,0.865,-1.266
15.164,0.919,-1.259
15.168,0.930,-1.198
15.172,0.902,-1.305
15.176,0.855,-1.319
15.180,0.891,-1.180
15.184,0.889,-1.308
15.188,0.942,-1.166
15.192,0.877,-1.203
15.196,0.928,-1.251
15.200,0.852,-1.262
15.204,0.864,-1.161
15.208,0.896,-1.315
15.212,0.890,-1.196
15.216,0.847,-1.203
15.220,0.872,-1.303
15.224,0.944,-1.246
15.228,0.860,-1.330
15.232,0.871,-1.319
15.236,0.944,-1.221
15.240,0.878,-1.271
15.244,0.913,-1.336
15.248,0.848,-1.334
15.252,0.863,-1.331
15.256,0.906,-1.350
15.260,0.848,-1.212
15.264,0.915,-1.348
15.268,0.926,-1.160
15.272,0.941,-1.357
15.276,0.913,-1.198
15.280,0.926,-1.247
15.284,0.913,-1.259
15.288,0.877,-1.262
15.292,0.877,-1.184
15.296,0.882,-1.339
15.300,0.883,-1.276
15.304,0.943,-1.174
15.308,0.865,-1.160
15.312,0.905,-1.324
15.316,0.880,-1.327
15.320,0.871,-1.294
15.324,0.862,-1.340
15.328,0.935,-1.263
15.332,0.925,-1.295
15.336,0.920,-1.206
15.340,0.855,-1.161
15.344,0.864,-1.299
15.348,0.864,-1.183
15.352,0.937,-1.170
15.356,0.946,-1.261
15.360,0.895,-1.274
15.364,0.922,-1.326
15.368,0.857,-1.255
15.372,0.882,-1.235
15.376,0.910,-1.332
15.380,0.850,-1.295
15.384,0.881,-1.254
15.388,0.941,-1.225
15.392,0.906,-1.209
15.396,0.912,-1.270
15.400,0.946,-1.279
15.404,0.878,-1.294
15.408,0.852,-1.208
15.412,0.857,-1.276
15.416,0.908,-1.295
15.420,0.873,-1.184
15.424,0.883,-1.161
15.428,0.858,-1.303
15.432,0.948,-1.216
15.436,0.928,-1.352
15.440,0.872,-1.255
15.444,0.888,-1.235
15.448,0.883,-1.196
15.452,0.898,-1.170
15.456,0.904,-1.308
15.460,0.859,-1.185
15.464,0.898,-1.190
15.468,0.901,-1.173
15.472,0.912,-1.280
15.476,0.931,-1.189
15.480,0.862,-1.174
15.484,0.891,-1.316
15.488,0.892,-1.321
15.492,0.914,-1.282
15.496,0.931,-1.156
15.500,0.902,-1.190
15.504,0.892,-1.168
15.508,0.896,-1.234
15.512,0.894,-1.214
15.516,0.880,-1.251
15.520,0.917,-1.227
15.524,0.928,-1.333
15.528,0.941,-1.353
15.532,0.851,-1.336
15.536,0.861,-1.249
15.540,0.937,-1.339
15.544,0.884,-1.184
15.548,0.900,-1.274
15.552,0.903,-1.262
15.556,0.911,-1.331
15.560,0.904,-1.293
15.564,0.869,-1.259
15.568,0.883,-1.209
15.572,0.921,-1.342
15.576,0.876,-1.351
15.580,0.944,-1.281
15.584,0.914,-1.239
15.588,0.926,-1.258
15.592,0.881,-1.155
15.596,0.879,-1.314
15.600,0.875,-1.205
15.604,0.858,-1.293
15.608,0.887,-1.241
15.612,0.917,-1.227
15.616,0.879,-1.351
15.620,0.886,-1.272
15.624,0.924,-1.212
15.628,0.899,-1.171
15.632,0.853,-1.174
15.636,0.886,-1.169
15.640,0.948,-1.185
15.644,0.921,-1.250
15.648,0.886,-1.329
15.652,0.938,-1.342
15.656,0.942,-1.222
15.660,0.917,-1.228
15.664,0.934,-1.346
15.668,0.889,-1.252
15.672,0.898,-1.340
15.676,0.939,-1.306
15.680,0.912,-1.333
15.684,0.947,-1.287
15.688,0.913,-1.221
15.692,0.919,-1.230
15.696,0.880,-1.171
15.700,0.930,-1.172
15.704,0.940,-1.158
15.708,0.884,-1.307
15.712,0.852,-1.192
15.716,0.944,-1.182
15.720,0.850,-1.285
15.724,0.885,-1.266
15.728,0.914,-1.200
15.732,0.879,-1.262
15.736,0.890,-1.266
15.740,0.926,-1.186
15.744,0.917,-1.180
15.748,0.948,-1.290
15.752,0.876,-1.333
15.756,0.881,-1.340
15.760,0.944,-1.275
15.764,0.897,-1.207
15.768,0.858,-1.165
15.772,0.915,-1.333
15.776,0.883,-1.260
15.780,0.918,-1.329
15.784,0.945,-1.330
15.788,0.899,-1.151
15.792,0.910,-1.170
15.796,0.888,-1.184
15.800,0.911,-1.318
15.804,0.906,-1.159
15.808,0.923,-1.275
15.812,0.871,-1.252
15.816,0.915,-1.255
15.820,0.934,-1.156
15.824,0.932,-1.303
15.828,0.922,-1.259
15.832,0.893,-1.156
15.836,0.920,-1.304
15.840,0.926,-1.209
15.844,0.857,-1.305
15.848,0.902,-1.300
15.852,0.874,-1.320
15.856,0.862,-1.248
15.860,0.889,-1.336
15.864,0.889,-1.162
15.868,0.855,-1.278
15.872,0.880,-1.166
15.876,0.886,-1.281
15.880,0.945,-1.206
15.884,0.908,-1.222
15.888,0.912,-1.230
15.892,0.943,-1.311
15.896,0.911,-1.197
15.900,0.866,-1.256
15.904,0.932,-1.159
15.908,0.861,-1.335
15.912,0.864,-1.158
15.916,0.927,-1.328
15.920,0.860,-1.272
15.924,0.866,-1.187
15.928,0.891,-1.295
15.932,0.928,-1.186
15.936,0.875,-1.283
15.940,0.886,-1.187
15.944,0.864,-1.191
15.948,0.949,-1.265
15.952,0.883,-1.323
15.956,0.877,-1.158
15.960,0.860,-1.332
15.964,0.874,-1.215
15.968,0.866,-1.187
15.972,0.884,-1.198
15.976,0.855,-1.310
15.980,0.891,-1.157
15.984,0.852,-1.271
15.988,0.906,-1.166
15.992,0.899,-1.258
15.996,0.878,-1.318
16.000,0.906,-1.224
16.004,0.893,-1.298
16.008,0.920,-1.275
16.012,0.860,-1.162
16.016,0.923,-1.172
16.020,0.865,-1.154
16.024,0.886,-1.142
16.028,0.863,-1.217
16.032,0.895,-1.300
16.036,0.911,-1.199
16.040,0.874,-1.144
16.044,0.849,-1.164
16.048,0.926,-1.155
16.052,0.861,-1.276
16.056,0.948,-1.304
16.060,0.876,-1.233
16.064,0.911,-1.158
16.068,0.929,-1.188
16.072,0.917,-1.178
16.076,0.903,-1.229
16.080,0.855,-1.265
16.084,0.912,-1.251
16.088,0.917,-1.176
16.092,0.903,-1.237
16.096,0.877,-1.269
16.100,0.923,-1.142
16.104,0.881,-1.245
16.108,0.926,-1.214
16.112,0.877,-1.264
16.116,0.939,-1.146
16.120,0.889,-1.250
16.124,0.909,-1.308
16.128,0.936,-1.287
16.132,0.901,-1.146
16.136,0.849,-1.156
16.140,0.876,-1.270
16.144,0.921,-1.279
16.148,0.878,-1.141
16.152,0.857,-1.263
16.156,0.907,-1.200
16.160,0.947,-1.156
16.164,0.903,-1.239
16.168,0.932,-1.150
16.172,0.907,-1.139
16.176,0.906,-1.191
16.180,0.907,-1.160
16.184,0.868,-1.283
16.188,0.857,-1.168
16.192,0.868,-1.254
16.196,0.850,-1.308
16.200,0.854,-1.232
16.204,0.893,-1.241
16.208,0.871,-1.160
16.212,0.932,-1.253
16.216,0.869,-1.188
16.220,0.942,-1.156
16.224,0.899,-1.223
16.228,0.853,-1.166
16.232,0.929,-1.296
16.236,0.930,-1.296
16.240,0.888,-1.167
16.244,0.856,-1.290
16.248,0.863,-1.304
16.252,0.916,-1.310
16.256,0.879,-1.290
16.260,0.940,-1.324
16.264,0.877,-1.188
16.268,0.916,-1.238
16.272,0.900,-1.180
16.276,0.849,-1.136
16.280,0.878,-1.243
16.284,0.903,-1.212
16.288,0.924,-1.176
16.292,0.890,-1.235
16.296,0.904,-1.273
16.300,0.933,-1.243
16.304,0.858,-1.219
16.308,0.893,-1.317
16.312,0.856,-1.326
16.316,0.856,-1.145
16.320,0.942,-1.185
16.324,0.870,-1.287
16.328,0.899,-1.220
16.332,0.857,-1.178
16.336,0.909,-1.323
16.340,0.899,-1.189
16.344,0.863,-1.145
16.348,0.921,-1.207
16.352,0.939,-1.161
16.356,0.868,-1.136
16.360,0.845,-1.280
16.364,0.941,-1.252
16.368,0.924,-1.221
16.372,0.907,-1.288
16.376,0.932,-1.281
16.380,0.942,-1.247
16.384,0.931,-1.157
16.388,0.850,-1.242
16.392,0.864,-1.267
16.396,0.936,-1.278
16.400,0.928,-1.200
16.404,0.917,-1.213
16.408,0.866,-1.166
16.412,0.926,-1.140
16.416,0.847,-1.254
16.420,0.912,-1.254
16.424,0.922,-1.267
16.428,0.935,-1.175
16.432,0.874,-1.193
16.436,0.881,-1.267
16.440,0.859,-1.286
16.444,0.872,-1.194
16.448,0.922,-1.231
16.452,0.862,-1.237
16.456,0.916,-1.179
16.460,0.925,-1.168
16.464,0.868,-1.260
16.468,0.881,-1.320
16.472,0.900,-1.260
16.476,0.862,-1.195
16.480,0.858,-1.159
16.484,0.855,-1.135
16.488,0.876,-1.182
16.492,0.926,-1.217
16.496,0.900,-1.298
16.500,0.844,-1.251
16.504,0.856,-1.136
16.508,0.923,-1.158
16.512,0.928,-1.190
16.516,0.865,-1.279
16.520,0.904,-1.284
16.524,0.932,-1.162
16.528,0.926,-1.163
16.532,0.940,-1.195
16.536,0.872,-1.287
16.540,0.862,-1.192
16.544,0.852,-1.127
16.548,0.872,-1.206
16.552,0.878,-1.143
16.556,0.877,-1.218
16.560,0.926,-1.294
16.564,0.863,-1.146
16.568,0.888,-1.301
16.572,0.860,-1.217
16.576,0.919,-1.137
16.580,0.901,-1.238
16.584,0.849,-1.180
16.588,0.843,-1.127
16.592,0.854,-1.290
16.596,0.908,-1.137
16.600,0.847,-1.289
16.604,0.938,-1.228
16.608,0.862,-1.190
16.612,0.891,-1.309
16.616,0.855,-1.316
16.620,0.921,-1.165
16.624,0.928,-1.234
16.628,0.870,-1.271
16.632,0.880,-1.145
16.636,0.924,-1.226
16.640,0.934,-1.246
16.644,0.930,-1.195
16.648,0.924,-1.138
16.652,0.852,-1.313
16.656,0.920,-1.281
16.660,0.934,-1.239
16.664,0.858,-1.252
16.668,0.929,-1.239
16.672,0.881,-1.203
16.676,0.881,-1.250
16.680,0.923,-1.214
16.684,0.872,-1.157
16.688,0.872,-1.245
16.692,0.930,-1.273
16.696,0.926,-1.246
16.700,0.855,-1.297
16.704,0.865,-1.242
16.708,0.890,-1.249
16.712,0.861,-1.290
16.716,0.872,-1.235
16.720,0.926,-1.264
16.724,0.892,-1.236
16.728,0.874,-1.177
16.732,0.843,-1.154
16.736,0.887,-1.198
16.740,0.892,-1.313
16.744,0.866,-1.164
16.748,0.882,-1.275
16.752,0.900,-1.186
16.756,0.896,-1.129
16.760,0.856,-1.170
16.764,0.859,-1.301
16.768,0.912,-1.139
16.772,0.877,-1.177
16.776,0.923,-1.159
16.780,0.882,-1.144
16.784,0.834,-1.152
16.788,0.924,-1.131
16.792,0.870,-1.291
16.796,0.934,-1.164
16.800,0.926,-1.117
16.804,0.921,-1.264
16.808,0.895,-1.202
16.812,0.850,-1.277
16.816,0.878,-1.142
16.820,0.911,-1.134
16.824,0.862,-1.260
16.828,0.868,-1.130
16.832,0.895,-1.119
16.836,0.921,-1.184
16.840,0.897,-1.257
16.844,0.913,-1.128
16.848,0.896,-1.164
16.852,0.879,-1.238
16.856,0.863,-1.209
16.860,0.860,-1.292
16.864,0.932,-1.145
16.868,0.924,-1.172
16.872,0.869,-1.211
16.876,0.878,-1.154
16.880,0.840,-1.226
16.884,0.836,-1.122
16.888,0.921,-1.177
16.892,0.867,-1.138
16.896,0.868,-1.125
16.900,0.885,-1.146
16.904,0.849,-1.135
16.908,0.850,-1.286
16.912,0.909,-1.224
16.916,0.919,-1.121
16.920,0.850,-1.153
16.924,0.924,-1.156
16.928,0.844,-1.240
16.932,0.859,-1.297
16.936,0.910,-1.304
16.940,0.898,-1.301
16.944,0.889,-1.286
16.948,0.912,-1.260
16.952,0.906,-1.151
16.956,0.899,-1.217
16.960,0.849,-1.246
16.964,0.893,-1.212
16.968,0.856,-1.236
16.972,0.873,-1.249
16.976,0.910,-1.151
16.980,0.899,-1.294
16.984,0.910,-1.264
16.988,0.897,-1.238
16.992,0.871,-1.177
16.996,0.885,-1.273
17.000,0.878,-1.121
17.004,0.899,-1.281
17.008,0.915,-1.228
17.012,0.909,-1.117
17.016,0.908,-1.249
17.020,0.836,-1.266
17.024,0.904,-1.176
17.028,0.920,-1.265
17.032,0.863,-1.266
17.036,0.840,-1.284
17.040,0.883,-1.256
17.044,0.864,-1.273
17.048,0.859,-1.161
17.052,0.844,-1.106
17.056,0.851,-1.296
17.060,0.895,-1.296
17.064,0.873,-1.126
17.068,0.853,-1.182
17.072,0.840,-1.293
17.076,0.870,-1.187
17.080,0.847,-1.242
17.084,0.836,-1.160
17.088,0.850,-1.162
17.092,0.829,-1.241
17.096,0.849,-1.143
17.100,0.825,-1.232
17.104,0.884,-1.198
17.108,0.885,-1.278
17.112,0.891,-1.210
17.116,0.900,-1.241
17.120,0.861,-1.126
17.124,0.827,-1.171
17.128,0.888,-1.120
17.132,0.859,-1.222
17.136,0.864,-1.256
17.140,0.858,-1.130
17.144,0.838,-1.175
17.148,0.890,-1.279
17.152,0.829,-1.113
17.156,0.884,-1.268
17.160,0.859,-1.258
17.164,0.838,-1.116
17.168,0.870,-1.217
17.172,0.843,-1.286
17.176,0.906,-1.199
17.180,0.861,-1.173
17.184,0.823,-1.106
17.188,0.856,-1.173
17.192,0.844,-1.197
17.196,0.843,-1.277
17.200,0.864,-1.173
17.204,0.913,-1.163
17.208,0.862,-1.162
17.212,0.838,-1.124
17.216,0.821,-1.200
17.220,0.829,-1.298
17.224,0.825,-1.115
17.228,0.850,-1.133
17.232,0.853,-1.217
17.236,0.832,-1.224
17.240,0.869,-1.197
17.244,0.867,-1.241
17.248,0.859,-1.222
17.252,0.879,-1.162
17.256,0.845,-1.289
17.260,0.892,-1.273
17.264,0.853,-1.237
17.268,0.877,-1.214
17.272,0.841,-1.133
17.276,0.898,-1.256
17.280,0.881,-1.296
17.284,0.872,-1.188
17.288,0.861,-1.194
17.292,0.908,-1.287
17.296,0.894,-1.177
17.300,0.878,-1.152
17.304,0.880,-1.263
17.308,0.912,-1.189
17.312,0.863,-1.126
17.316,0.849,-1.182
17.320,0.839,-1.218
17.324,0.839,-1.155
17.328,0.912,-1.270
17.332,0.874,-1.272
17.336,0.873,-1.285
17.340,0.901,-1.119
17.344,0.817,-1.165
17.348,0.862,-1.226
17.352,0.816,-1.270
17.356,0.856,-1.113
17.360,0.879,-1.210
17.364,0.828,-1.240
17.368,0.875,-1.101
17.372,0.878,-1.259
17.376,0.873,-1.187
17.380,0.899,-1.120
17.384,0.903,-1.182
17.388,0.833,-1.186
17.392,0.845,-1.207
17.396,0.816,-1.287
17.400,0.904,-1.281
17.404,0.912,-1.151
17.408,0.831,-1.217
17.412,0.839,-1.202
17.416,0.872,-1.286
17.420,0.827,-1.283
17.424,0.816,-1.221
17.428,0.813,-1.260
17.432,0.871,-1.177
17.436,0.879,-1.198
17.440,0.902,-1.101
17.444,0.855,-1.170
17.448,0.827,-1.238
17.452,0.860,-1.119
17.456,0.909,-1.126
17.460,0.888,-1.130
17.464,0.890,-1.186
17.468,0.877,-1.180
17.472,0.870,-1.116
17.476,0.821,-1.232
17.480,0.855,-1.101
17.484,0.828,-1.092
17.488,0.830,-1.122
17.492,0.818,-1.214
17.496,0.880,-1.172
17.500,0.860,-1.263
17.504,0.878,-1.157
17.508,0.842,-1.147
17.512,0.876,-1.103
17.516,0.898,-1.222
17.520,0.888,-1.242
17.524,0.842,-1.147
17.528,0.879,-1.159
17.532,0.827,-1.162
17.536,0.875,-1.273
17.540,0.823,-1.103
17.544,0.897,-1.094
17.548,0.905,-1.258
17.552,0.836,-1.267
17.556,0.877,-1.273
17.560,0.825,-1.275
17.564,0.895,-1.274
17.568,0.900,-1.154
17.572,0.901,-1.184
17.576,0.809,-1.098
17.580,0.850,-1.117
17.584,0.806,-1.101
17.588,0.839,-1.278
17.592,0.822,-1.127
17.596,0.840,-1.256
17.600,0.813,-1.173
17.604,0.849,-1.144
17.608,0.838,-1.195
17.612,0.896,-1.270
17.616,0.884,-1.179
17.620,0.808,-1.125
17.624,0.892,-1.271
17.628,0.860,-1.119
17.632,0.875,-1.179
17.636,0.814,-1.154
17.640,0.835,-1.228
17.644,0.861,-1.099
17.648,0.810,-1.261
17.652,0.808,-1.169
17.656,0.820,-1.169
17.660,0.819,-1.193
17.664,0.807,-1.124
17.668,0.861,-1.180
17.672,0.836,-1.079
17.676,0.802,-1.185
17.680,0.889,-1.160
17.684,0.855,-1.250
17.688,0.895,-1.125
17.692,0.870,-1.085
17.696,0.880,-1.096
17.700,0.897,-1.234
17.704,0.809,-1.140
17.708,0.840,-1.088
17.712,0.880,-1.176
17.716,0.881,-1.093
17.720,0.821,-1.181
17.724,0.799,-1.206
17.728,0.803,-1.100
17.732,0.852,-1.217
17.736,0.853,-1.238
17.740,0.805,-1.202
17.744,0.842,-1.170
17.748,0.857,-1.163
17.752,0.843,-1.096
17.756,0.882,-1.242
17.760,0.874,-1.202
17.764,0.801,-1.106
17.768,0.867,-1.128
17.772,0.802,-1.191
17.776,0.809,-1.104
17.780,0.812,-1.149
17.784,0.844,-1.208
17.788,0.852,-1.162
17.792,0.802,-1.140
17.796,0.832,-1.107
17.800,0.832,-1.180
17.804,0.890,-1.211
17.808,0.831,-1.228
17.812,0.861,-1.247
17.816,0.803,-1.141
17.820,0.892,-1.145
17.824,0.880,-1.082
17.828,0.890,-1.132
17.832,0.841,-1.232
17.836,0.827,-1.226
17.840,0.889,-1.108
17.844,0.840,-1.141
17.848,0.844,-1.228
17.852,0.803,-1.175
17.856,0.837,-1.148
17.860,0.841,-1.120
17.864,0.792,-1.071
17.868,0.875,-1.082
17.872,0.842,-1.126
17.876,0.821,-1.104
17.880,0.846,-1.123
17.884,0.802,-1.249
17.888,0.852,-1.198
17.892,0.848,-1.261
17.896,0.800,-1.251
17.900,0.885,-1.229
17.904,0.800,-1.264
17.908,0.796,-1.123
17.912,0.866,-1.152
17.916,0.871,-1.140
17.920,0.804,-1.191
17.924,0.854,-1.092
17.928,0.831,-1.171
17.932,0.825,-1.262
17.936,0.885,-1.265
17.940,0.858,-1.113
17.944,0.823,-1.251
17.948,0.802,-1.071
17.952,0.807,-1.201
17.956,0.820,-1.173
17.960,0.871,-1.112
17.964,0.795,-1.190
17.968,0.885,-1.066
17.972,0.867,-1.129
17.976,0.826,-1.101
17.980,0.845,-1.179
17.984,0.870,-1.070
17.988,0.862,-1.145
17.992,0.877,-1.210
17.996,0.793,-1.146
18.000,0.835,-1.139
18.004,0.784,-1.107
18.008,0.870,-1.087
18.012,0.785,-1.113
18.016,0.864,-1.161
18.020,0.847,-1.182
18.024,0.839,-1.070
18.028,0.799,-1.076
18.032,0.874,-1.163
18.036,0.828,-1.186
18.040,0.859,-1.160
18.044,0.798,-1.088
18.048,0.797,-1.149
18.052,0.841,-1.127
18.056,0.879,-1.073
18.060,0.801,-1.185
18.064,0.871,-1.093
18.068,0.788,-1.093
18.072,0.858,-1.085
18.076,0.861,-1.154
18.080,0.875,-1.091
18.084,0.840,-1.172
18.088,0.819,-1.124
18.092,0.854,-1.108
18.096,0.829,-1.063
18.100,0.851,-1.129
18.104,0.845,-1.213
18.108,0.821,-1.148
18.112,0.870,-1.116
18.116,0.784,-1.168
18.120,0.855,-1.215
18.124,0.876,-1.110
18.128,0.781,-1.067
18.132,0.818,-1.209
18.136,0.839,-1.109
18.140,0.795,-1.235
18.144,0.828,-1.240
18.148,0.810,-1.222
18.152,0.780,-1.138
18.156,0.853,-1.188
18.160,0.809,-1.132
18.164,0.779,-1.232
18.168,0.864,-1.064
18.172,0.780,-1.254
18.176,0.874,-1.149
18.180,0.837,-1.093
18.184,0.850,-1.074
18.188,0.793,-1.106
18.192,0.831,-1.221
18.196,0.828,-1.190
18.200,0.775,-1.126
18.204,0.787,-1.248
18.208,0.831,-1.213
18.212,0.842,-1.105
18.216,0.867,-1.086
18.220,0.818,-1.120
18.224,0.812,-1.143
18.228,0.783,-1.110
18.232,0.802,-1.194
18.236,0.799,-1.206
18.240,0.830,-1.178
18.244,0.813,-1.131
18.248,0.839,-1.169
18.252,0.861,-1.211
18.256,0.827,-1.099
18.260,0.859,-1.095
18.264,0.851,-1.161
18.268,0.868,-1.197
18.272,0.845,-1.153
18.276,0.816,-1.160
18.280,0.828,-1.163
18.284,0.792,-1.128
18.288,0.822,-1.149
18.292,0.863,-1.132
18.296,0.795,-1.123
18.300,0.859,-1.073
18.304,0.816,-1.195
18.308,0.786,-1.134
18.312,0.787,-1.157
18.316,0.842,-1.070
18.320,0.827,-1.099
18.324,0.865,-1.151
18.328,0.777,-1.143
18.332,0.795,-1.140
18.336,0.779,-1.154
18.340,0.820,-1.243
18.344,0.805,-1.080
18.348,0.835,-1.144
18.352,0.785,-1.089
18.356,0.777,-1.133
18.360,0.805,-1.165
18.364,0.845,-1.066
18.368,0.787,-1.057
18.372,0.806,-1.236
18.376,0.854,-1.171
18.380,0.825,-1.085
18.384,0.770,-1.089
18.388,0.775,-1.079
18.392,0.841,-1.234
18.396,0.774,-1.242
18.400,0.837,-1.105
18.404,0.785,-1.174
18.408,0.802,-1.218
18.412,0.849,-1.097
18.416,0.849,-1.186
18.420,0.802,-1.061
18.424,0.826,-1.069
18.428,0.816,-1.167
18.432,0.806,-1.062
18.436,0.798,-1.061
18.440,0.809,-1.164
18.444,0.760,-1.049
18.448,0.769,-1.099
18.452,0.813,-1.076
18.456,0.763,-1.178
18.460,0.808,-1.208
18.464,0.758,-1.053
18.468,0.767,-1.112
18.472,0.853,-1.123
18.476,0.818,-1.216
18.480,0.836,-1.056
18.484,0.810,-1.076
18.488,0.765,-1.194
18.492,0.836,-1.199
18.496,0.777,-1.215
18.500,0.782,-1.057
18.504,0.763,-1.190
18.508,0.802,-1.208
18.512,0.776,-1.180
18.516,0.826,-1.171
18.520,0.772,-1.040
18.524,0.807,-1.113
18.528,0.781,-1.134
18.532,0.852,-1.063
18.536,0.853,-1.135
18.540,0.792,-1.167
18.544,0.770,-1.206
18.548,0.833,-1.073
18.552,0.801,-1.179
18.556,0.820,-1.200
18.560,0.810,-1.051
18.564,0.818,-1.078
18.568,0.767,-1.112
18.572,0.849,-1.171
18.576,0.839,-1.092
18.580,0.823,-1.177
18.584,0.838,-1.184
18.588,0.762,-1.217
18.592,0.829,-1.070
18.596,0.846,-1.060
18.600,0.776,-1.052
18.604,0.830,-1.108
18.608,0.761,-1.060
18.612,0.772,-1.186
18.616,0.822,-1.181
18.620,0.783,-1.197
18.624,0.836,-1.050
18.628,0.823,-1.209
18.632,0.774,-1.227
18.636,0.827,-1.124
18.640,0.791,-1.036
18.644,0.813,-1.077
18.648,0.787,-1.109
18.652,0.781,-1.127
18.656,0.827,-1.080
18.660,0.823,-1.120
18.664,0.797,-1.030
18.668,0.819,-1.106
18.672,0.805,-1.146
18.676,0.771,-1.084
18.680,0.754,-1.188
18.684,0.822,-1.228
18.688,0.786,-1.075
18.692,0.788,-1.037
18.696,0.760,-1.095
18.700,0.802,-1.190
18.704,0.796,-1.092
18.708,0.822,-1.184
18.712,0.802,-1.201
18.716,0.797,-1.130
18.720,0.841,-1.074
18.724,0.782,-1.214
18.728,0.797,-1.088
18.732,0.820,-1.085
18.736,0.805,-1.168
18.740,0.833,-1.152
18.744,0.803,-1.057
18.748,0.835,-1.087
18.752,0.817,-1.122
18.756,0.750,-1.147
18.760,0.765,-1.071
18.764,0.761,-1.179
18.768,0.762,-1.123
18.772,0.772,-1.103
18.776,0.770,-1.156
18.780,0.773,-1.118
18.784,0.773,-1.173
18.788,0.807,-1.191
18.792,0.775,-1.068
18.796,0.751,-1.062
18.800,0.821,-1.125
18.804,0.823,-1.193
18.808,0.830,-1.111
18.812,0.777,-1.028
18.816,0.784,-1.135
18.820,0.788,-1.088
18.824,0.739,-1.191
18.828,0.779,-1.120
18.832,0.821,-1.125
18.836,0.750,-1.089
18.840,0.751,-1.080
18.844,0.796,-1.080
18.848,0.762,-1.051
18.852,0.811,-1.213
18.856,0.834,-1.129
18.860,0.792,-1.191
18.864,0.823,-1.047
18.868,0.799,-1.214
18.872,0.785,-1.054
18.876,0.816,-1.180
18.880,0.799,-1.186
18.884,0.765,-1.123
18.888,0.828,-1.208
18.892,0.772,-1.175
18.896,0.784,-1.137
18.900,0.775,-1.175
18.904,0.791,-1.151
18.908,0.792,-1.160
18.912,0.771,-1.114
18.916,0.816,-1.123
18.920,0.827,-1.102
18.924,0.805,-1.022
18.928,0.807,-1.106
18.932,0.808,-1.168
18.936,0.768,-1.142
18.940,0.770,-1.102
18.944,0.741,-1.183
18.948,0.785,-1.114
18.952,0.752,-1.147
18.956,0.823,-1.184
18.960,0.782,-1.135
18.964,0.768,-1.090
18.968,0.813,-1.036
18.972,0.792,-1.117
18.976,0.748,-1.182
18.980,0.785,-1.173
18.984,0.794,-1.199
18.988,0.781,-1.065
18.992,0.774,-1.146
18.996,0.727,-1.206
19.000,0.795,-1.045
19.004,0.791,-1.186
19.008,0.760,-1.084
19.012,0.741,-1.092
19.016,0.785,-1.050
19.020,0.808,-1.142
19.024,0.729,-1.058
19.028,0.740,-1.184
19.032,0.789,-1.145
19.036,0.815,-1.153
19.040,0.772,-1.178
19.044,0.746,-1.079
19.048,0.765,-1.163
19.052,0.781,-1.207
19.056,0.723,-1.198
19.060,0.796,-1.173
19.064,0.803,-1.096
19.068,0.763,-1.174
19.072,0.766,-1.012
19.076,0.804,-1.015
19.080,0.768,-1.107
19.084,0.780,-1.008
19.088,0.776,-1.120
19.092,0.758,-1.192
19.096,0.736,-1.054
19.100,0.796,-1.012
19.104,0.738,-1.191
19.108,0.756,-1.024
19.112,0.769,-1.093
19.116,0.752,-1.033
19.120,0.761,-1.076
19.124,0.758,-1.149
19.128,0.793,-1.063
19.132,0.775,-1.005
19.136,0.731,-1.200
19.140,0.749,-1.018
19.144,0.815,-1.149
19.148,0.728,-1.060
19.152,0.728,-1.113
19.156,0.736,-1.132
19.160,0.751,-1.159
19.164,0.777,-1.027
19.168,0.721,-1.056
19.172,0.735,-1.037
19.176,0.808,-1.020
19.180,0.805,-1.120
19.184,0.807,-1.064
19.188,0.813,-1.025
19.192,0.738,-1.032
19.196,0.754,-1.063
19.200,0.781,-1.186
19.204,0.803,-1.071
19.208,0.784,-1.123
19.212,0.780,-1.006
19.216,0.751,-1.004
19.220,0.742,-1.162
19.224,0.806,-1.111
19.228,0.785,-1.164
19.232,0.792,-1.097
19.236,0.797,-1.149
19.240,0.779,-1.123
19.244,0.722,-1.163
19.248,0.795,-1.014
19.252,0.775,-1.046
19.256,0.766,-1.194
19.260,0.725,-1.041
19.264,0.749,-1.166
19.268,0.745,-1.153
19.272,0.796,-1.086
19.276,0.798,-1.088
19.280,0.724,-1.015
19.284,0.752,-1.044
19.288,0.726,-1.150
19.292,0.714,-1.015
19.296,0.791,-1.026
19.300,0.747,-1.016
19.304,0.795,-1.179
19.308,0.770,-1.021
19.312,0.713,-1.058
19.316,0.765,-0.997
19.320,0.724,-1.133
19.324,0.708,-1.125
19.328,0.753,-1.137
19.332,0.783,-1.094
19.336,0.766,-1.113
19.340,0.801,-1.087
19.344,0.791,-1.163
19.348,0.748,-1.093
19.352,0.781,-1.178
19.356,0.800,-1.100
19.360,0.720,-1.042
19.364,0.784,-1.143
19.368,0.712,-1.052
19.372,0.717,-0.993
19.376,0.705,-1.012
19.380,0.756,-1.123
19.384,0.770,-1.151
19.388,0.755,-1.010
19.392,0.802,-1.101
19.396,0.758,-1.044
19.400,0.733,-1.093
19.404,0.790,-1.043
19.408,0.741,-1.166
19.412,0.716,-1.110
19.416,0.775,-1.078
19.420,0.757,-1.046
19.424,0.769,-1.096
19.428,0.759,-1.147
19.432,0.708,-1.045
19.436,0.711,-1.051
19.440,0.771,-1.112
19.444,0.739,-1.166
19.448,0.714,-1.123
19.452,0.733,-1.135
19.456,0.729,-1.099
19.460,0.717,-1.096
19.464,0.777,-1.007
19.468,0.796,-1.051
19.472,0.761,-1.020
19.476,0.731,-1.117
19.480,0.755,-1.179
19.484,0.796,-1.166
19.488,0.788,-1.030
19.492,0.797,-1.021
19.496,0.746,-1.048
19.500,0.776,-1.021
19.504,0.773,-1.114
19.508,0.706,-1.028
19.512,0.703,-1.032
19.516,0.787,-1.126
19.520,0.701,-1.110
19.524,0.776,-1.055
19.528,0.696,-1.043
19.532,0.779,-1.116
19.536,0.753,-1.082
19.540,0.738,-0.999
19.544,0.697,-1.116
19.548,0.762,-1.014
19.552,0.736,-1.043
19.556,0.701,-1.065
19.560,0.751,-1.085
19.564,0.736,-1.090
19.568,0.722,-1.153
19.572,0.722,-1.140
19.576,0.752,-1.134
19.580,0.748,-1.011
19.584,0.770,-1.159
19.588,0.742,-1.135
19.592,0.786,-1.140
19.596,0.695,-0.981
19.600,0.737,-1.079
19.604,0.723,-1.072
19.608,0.758,-1.112
19.612,0.711,-1.101
19.616,0.760,-1.058
19.620,0.743,-1.014
19.624,0.762,-0.992
19.628,0.691,-1.135
19.632,0.760,-1.071
19.636,0.713,-1.123
19.640,0.775,-1.124
19.644,0.766,-1.132
19.648,0.716,-1.133
19.652,0.784,-1.025
19.656,0.771,-1.083
19.660,0.744,-1.073
19.664,0.740,-1.049
19.668,0.780,-1.033
19.672,0.711,-1.072
19.676,0.741,-0.986
19.680,0.729,-1.061
19.684,0.785,-1.025
19.688,0.738,-0.989
19.692,0.773,-1.101
19.696,0.693,-1.046
19.700,0.702,-1.159
19.704,0.755,-1.066
19.708,0.711,-1.153
19.712,0.779,-1.127
19.716,0.706,-1.039
19.720,0.779,-1.057
19.724,0.760,-1.047
19.728,0.781,-1.047
19.732,0.756,-1.123
19.736,0.719,-1.122
19.740,0.752,-1.155
19.744,0.757,-1.018
19.748,0.732,-1.108
19.752,0.728,-1.114
19.756,0.701,-1.096
19.760,0.776,-1.156
19.764,0.757,-1.151
19.768,0.710,-1.008
19.772,0.689,-1.061
19.776,0.703,-1.114
19.780,0.778,-1.038
19.784,0.732,-0.993
19.788,0.756,-1.033
19.792,0.778,-1.078
19.796,0.734,-1.159
19.800,0.712,-1.035
19.804,0.777,-1.091
19.808,0.773,-1.075
19.812,0.686,-0.970
19.816,0.778,-1.104
19.820,0.752,-1.075
19.824,0.750,-1.006
19.828,0.711,-1.163
19.832,0.721,-1.010
19.836,0.773,-1.098
19.840,0.749,-0.969
19.844,0.701,-1.164
19.848,0.720,-1.003
19.852,0.711,-1.014
19.856,0.738,-1.132
19.860,0.764,-0.998
19.864,0.687,-1.045
19.868,0.705,-0.972
19.872,0.758,-1.081
19.876,0.710,-0.983
19.880,0.760,-1.046
19.884,0.772,-0.971
19.888,0.717,-1.060
19.892,0.723,-1.058
19.896,0.675,-1.135
19.900,0.705,-1.094
19.904,0.700,-1.089
19.908,0.744,-1.054
19.912,0.733,-1.080
19.916,0.694,-1.035
19.920,0.752,-1.148
19.924,0.770,-1.096
19.928,0.709,-1.149
19.932,0.691,-1.110
19.936,0.676,-1.066
19.940,0.692,-0.982
19.944,0.753,-0.980
19.948,0.672,-1.103
19.952,0.717,-1.135
19.956,0.711,-0.974
19.960,0.745,-1.028
19.964,0.716,-1.039
19.968,0.710,-1.111
19.972,0.718,-1.103
19.976,0.701,-1.143
19.980,0.749,-1.074
19.984,0.726,-0.990
19.988,0.688,-1.040
19.992,0.689,-1.046
19.996,0.712,-1.096
